Country Name,CountryID,1,2,3,4,5,6,7,8,9,10,11,12,13,14,15,16,17,18
Aruba,,,,,,,,,,,,,35973.78051,,,,,,
Afghanistan,10,,,875.5176104,922.8294492,916.3344748,1011.595524,1065.619665,1210.479265,1247.066144,1482.098837,1581.600836,1660.739856,1873.153946,1913.160644,1937.235365,1926.357336,1944.117005,1980.516177
Angola,14,2277.374611,2349.731596,2620.884723,2698.044285,2948.770248,3550.720284,4202.208484,5128.35345,5743.098881,5718.685523,5778.380803,5911.254092,6110.423392,6403.767556,6591.53882,6631.618694,6440.990242,6388.960022
Albania,11,4029.016971,4457.111638,4754.653697,5114.721695,5522.982134,5942.884009,6631.835687,7291.239751,8228.337106,8813.252003,9637.345368,10207.7647,10526.24122,10570.953,11259.2645,11334.22093,11559.30084,12020.69073
Andorra,13,,,,,,,,,,,,,,,,,,
Arab World,,9328.026445,9508.939133,9507.913898,9912.46492,10878.75718,11594.61102,12391.36019,12981.39877,13672.68871,13575.98166,14064.01049,14444.87792,15333.66187,15703.19347,16011.25293,16337.96649,16716.5469,16922.1043
United Arab Emirates,189,81351.36414,80029.02844,78934.63552,82099.8058,84604.3423,81736.47692,80841.04951,74271.68145,68508.70682,58822.14614,56074.88069,58363.67822,60513.61971,63839.33558,67360.34745,70887.39073,73017.48001,73878.46766
Argentina,17,11810.06136,11419.05887,10217.2731,11217.57193,12430.71372,13817.71407,15227.5125,16865.54476,17711.44179,16618.12085,18333.5437,19629.35185,19579.00648,20161.49683,19802.10001,20356.91551,20042.54002,20786.67933
Armenia,18,2318.238073,2613.784567,3020.453987,3531.968643,4031.947204,4769.489004,5607.645869,6605.216696,7260.968756,6323.578336,6567.258582,7022.103943,7649.491409,7997.387128,8397.099178,8727.558325,8832.763435,9647.486113
American Samoa,,,,,,,,,,,,,,,,,,,
Antigua and Barbuda,,14987.41116,14317.23875,14480.08018,15479.22208,16633.54465,18065.80523,20747.37564,22996.70583,23162.68576,20271.08635,18824.07315,18605.31675,19398.05948,19480.1026,20619.87137,21462.28694,22661.48854,23593.93283
Australia,3,26316.94788,27348.14676,28706.43781,29678.48929,31311.63694,32539.08157,34291.28776,36512.50384,37409.16307,40234.41792,39274.76423,41894.17305,42733.93625,45794.40427,46742.80265,46220.25126,46144.12081,47046.67046
Austria,19,29375.4048,29739.94153,31178.69333,32106.466,33755.14293,35013.71404,37627.97092,39385.74227,41316.22518,40919.15058,42047.03268,44452.73275,46457.34578,47922.04912,48787.49159,49883.0413,50521.48262,52557.47899
Azerbaijan,20,3534.329148,3942.084882,4393.967199,4945.907916,5551.448842,7169.150431,9830.162606,12477.38469,13799.78614,14900.50866,15627.60562,15754.15236,16180.88715,17171.76137,17608.37063,17782.02615,17256.62697,17398.16356
Burundi,39,597.7181893,609.1447542,628.1992591,613.6300389,639.8742272,644.7866027,677.3826655,704.4398589,729.4627833,735.7012343,748.3806576,771.5094237,793.0801921,818.2852133,846.0948682,796.9608114,777.7528517,770.9413743
Belgium,26,27983.99612,28982.59509,30482.78465,31054.30539,32249.49946,33332.33135,35390.85353,36866.26563,38133.50146,38001.99092,40091.00999,41248.72534,42354.63149,43519.77792,44601.36711,45414.8906,46416.8542,47561.02935
Benin,28,1320.889575,1380.620229,1422.954063,1456.364545,1516.430287,1545.698265,1608.772887,1701.207073,1768.744657,1773.168783,1781.987066,1820.894693,1890.14073,2002.106604,2108.016041,2116.036775,2167.272847,2266.231602
Burkina Faso,37,852.3889727,903.274517,929.9310412,993.2680608,1035.5229,1127.558743,1198.509517,1261.416064,1338.860297,1347.579242,1394.584727,1472.716482,1549.480266,1616.779271,1666.894544,1699.879935,1771.162139,1869.758161
Bangladesh,23,1301.463285,1372.362514,1420.431252,1491.023592,1586.182168,1718.402873,1864.194503,2024.232095,2163.554427,2264.871499,2393.315832,2570.850145,2756.443467,2934.644352,3131.922662,3335.759791,3579.755981,3868.822303
Bulgaria,36,6376.857463,6914.688837,7726.401398,8342.568168,9126.067817,10211.31493,11315.0101,12798.6946,14328.92954,14143.61302,14948.59757,15676.15054,16208.21349,16631.66156,17508.8855,18115.23037,19242.62262,20329.34361
Bahrain,22,35622.6017,35578.88429,35516.29323,36258.09248,37399.84481,38466.56221,39163.12045,40282.96652,40557.02431,39412.16741,39749.84938,40164.58274,41714.84361,44168.37795,46180.03762,46775.74033,47066.7631,47526.90428
"Bahamas, The",,26149.41714,26972.67205,27579.53946,27194.14815,27596.02551,28849.72996,29887.10185,30535.5005,29857.27156,28325.87868,28630.87037,28941.02823,29937.10217,29878.04704,29977.56561,30249.73823,29779.798,30430.16948
Bosnia and Herzegovina,,4528.613045,4735.17318,5114.274174,5348.587224,5840.6514,6453.186632,7380.875407,8161.686235,9006.447009,9003.269729,9314.886031,9901.610202,10181.91323,10825.84002,11164.20573,11526.42439,12172.65026,12875.9691
Belarus,25,5994.557257,6453.905308,6927.554568,7616.458952,8781.636438,9984.19271,11389.55128,12756.63497,14383.16739,14553.79537,15906.7562,17166.69564,17801.9187,18271.75429,18903.15902,18347.1407,18089.05033,18847.93389
Belize,27,5517.230644,5747.762288,5965.7467,6481.056128,6793.297236,7010.18845,7362.526337,7445.771145,7638.347961,7559.53891,7717.472528,7857.248066,8120.919983,8130.315951,8427.075635,8654.855391,8540.40422,8590.013256
Bermuda,29,40535.20826,43976.09251,43706.03474,45797.32036,47835.43923,49877.28411,53949.42371,56640.989,58288.61209,55320.16171,55254.21412,54984.51039,53097.69629,52436.05641,,,,
Bolivia,31,3497.279428,3570.056776,3647.57123,3753.050865,3946.708545,4180.318268,4438.624699,4684.946885,4986.880533,5108.873594,5298.084512,5598.508445,5899.641861,6303.06642,6662.829762,6955.18277,7234.195243,7559.639404
Brazil,34,9012.955425,9216.321377,9515.100023,9690.072499,10401.84334,10950.56977,11603.60237,12501.12841,13259.7294,13212.37847,14243.49214,14973.09847,15398.4287,15971.00897,16195.87112,15656.26667,15181.47137,15483.54083
Barbados,24,12260.2352,12200.79348,12450.7199,12941.19001,13442.06785,14381.22563,15609.29403,16247.52394,16512.90109,15906.75331,16085.84958,16472.0832,16767.03603,16982.09936,17233.43555,17525.64926,18054.74075,18639.45174
Brunei Darussalam,35,65034.83466,66960.52082,69246.74818,71337.23521,72411.57528,73873.29024,78398.18966,79616.87031,78682.98083,76964.31777,78923.39047,82434.88309,83504.30252,81827.27346,80155.54299,79439.06245,77420.61234,78836.12468
Bhutan,30,2804.932757,3019.00093,3300.162931,3524.926753,3734.48887,4026.341876,4331.461906,5131.410377,5372.132429,5664.127805,6289.814364,6805.878456,7162.293474,7317.337414,7760.090183,8245.605306,8900.764553,9560.774453
Botswana,33,8251.81945,8332.796627,8848.104378,9314.395718,9695.193429,10313.61119,11346.04949,12413.28569,13226.60649,12098.79299,13064.46624,13889.27047,14506.88523,16111.10915,16765.15961,16352.87933,16960.96387,17354.19971
Central African Republic,44,644.4398952,674.6802698,696.1141842,659.1810977,704.9207677,721.2489966,765.1871638,807.5161372,826.8134171,836.0110424,863.3202047,904.6104858,956.1173968,613.734676,629.0464251,661.8876249,693.3069097,725.9454195
Canada,2,29185.35506,30073.91281,30851.31148,32189.0616,33754.86956,36134.60224,38009.876,39441.96779,40277.61931,38791.07469,40027.24021,41565.27122,42145.09786,44101.47145,45519.79392,44647.36423,44819.4836,46377.64919
Central Europe and the Baltics,,10010.46817,10790.77324,11598.17881,12338.56306,13463.28775,14289.64337,15884.4589,17710.03245,19612.44766,19610.84689,20727.85787,22150.80314,22956.18147,23973.63107,24956.17527,25841.60932,26867.05418,28888.61907
Switzerland,176,35748.87697,36808.63938,37718.30413,37710.7989,39184.01884,40572.26318,45112.27867,49737.76099,52584.73495,51759.75274,53119.38653,56183.83259,57849.58399,60108.51635,61902.16241,63648.28802,63881.67462,65006.52538
Channel Islands,,,,,,,,,,,,,,,,,,,
Chile,46,9571.978941,9994.170918,10343.22738,10858.80143,11831.31005,12774.73122,15773.82302,16971.76671,16551.30715,16226.20693,18265.34253,20437.70453,21620.28097,22578.72892,22978.1913,22785.81803,23476.4268,24084.97031
China,47,2933.314817,3226.848456,3551.663652,3961.273893,4455.205022,5092.559837,5883.719377,6863.981755,7635.072611,8374.432271,9333.124237,10384.3666,11351.06206,12367.96501,13440.47746,14450.09499,15530.63427,16806.74186
Cote d'Ivoire,,2336.356921,2342.854996,2295.191399,2268.272292,2317.614362,2388.432195,2450.596778,2508.373899,2567.190743,2612.063869,2635.837771,2511.420195,2762.341426,2980.26506,3217.771022,3451.877418,3693.652396,3953.381325
Cameroon,41,2063.823523,2147.154828,2214.148948,2300.104376,2457.351516,2519.090011,2614.410426,2739.672885,2812.645055,2817.987654,2870.562687,2969.047575,3076.858139,3208.268326,3367.176974,3502.407887,3609.375597,3694.199953
"Congo, Dem. Rep.",,454.3115405,442.5173639,449.1765225,469.0582365,498.483441,528.9616984,556.0295114,587.0943981,615.2779121,616.8500519,646.8557934,682.4321554,719.8175461,767.4772397,827.3167664,865.0994627,868.2215432,887.2128626
"Congo, Rep.",,3551.092649,3667.708329,3790.194842,3791.129803,3915.740808,4223.074355,4474.880108,4369.052287,4543.924889,4760.444498,5081.432145,5213.946921,5368.26569,5502.482873,5834.009762,5902.429651,5662.798091,5359.074336
Colombia,48,6585.334138,6750.687139,6927.321253,7241.331258,7732.319476,8248.355342,8957.341118,9710.917596,10132.26566,10260.22668,10680.00301,11496.47771,12058.34376,12725.04373,13395.5162,13827.67279,14165.45122,14552.00856
Comoros,49,1173.817526,1198.671086,1215.644913,1236.16601,1264.156135,1310.265382,1353.519441,1367.48884,1366.64755,1370.466884,1383.929694,1414.611723,1448.427686,1487.110507,1508.620417,1504.716581,1521.857218,1552.24585
Cabo Verde,,3039.919351,3116.711016,3268.913606,3412.642078,3801.929908,4134.497584,4542.140553,5308.134172,5710.16342,5620.539317,5710.344252,5991.77849,6097.221554,6171.857988,6245.005482,6298.803772,6541.099764,6831.460461
Costa Rica,51,7829.812962,8139.810103,8397.302536,8793.383147,9289.503317,9817.001194,10697.46354,11714.21474,12329.93006,12141.93498,12737.02018,13397.23054,14133.68818,14524.6715,15140.47037,15694.6192,16387.04904,17044.18856
Caribbean small states,,9055.307886,9404.919625,9868.627109,10663.22098,11373.4736,12099.68242,13285.27633,14009.48119,14425.81278,13947.33661,14245.95374,14601.73631,14968.87446,15283.88226,15558.6421,15829.14408,15595.56511,15761.21089
Cuba,53,,,,,,,,,,,,,,,,,,
Curacao,,,,,,,,,,,,,,,,,,,
Cayman Islands,43,,,,,,,,,,,,49903.02854,,,,,,
Cyprus,54,21709.15509,23263.4339,23964.75544,24300.46323,26082.75964,28169.55688,30482.60764,32993.28227,34823.65424,33882.09647,33263.01583,33192.59298,31914.62435,30620.70715,30383.51482,31523.92688,32882.21862,34503.47033
Czech Republic,55,16188.22719,17569.10583,18189.23435,19424.75471,20806.60891,21956.38386,23779.57372,26120.37508,27844.79533,27594.34686,27694.40198,28797.41796,29047.24644,30485.71415,32263.31575,33468.7265,34749.21236,36915.93263
Germany,75,27293.76756,28499.60608,29326.91207,29987.9125,31428.63064,31968.46745,34246.20765,36444.51569,38028.77214,37035.78003,39225.59999,42692.51976,43564.14802,45232.19785,47092.48837,47810.83601,48943.1018,50715.55404
Djibouti,58,,,,,,,,,,,,2705.405589,,,,,,
Dominica,59,6480.082683,6659.686951,6628.72186,7252.68598,7663.051596,7874.891864,8333.388801,9077.608081,9897.450464,9834.512408,9991.976286,10135.27403,10164.95816,10215.87892,10803.26191,10586.77041,10947.71522,10619.95158
Denmark,57,28657.54079,29474.13815,30640.34504,30784.13522,32920.47703,34150.1558,37300.49284,38961.77061,41278.32884,40332.45142,43041.54202,44403.39415,44803.96224,46726.85332,47901.44758,48674.84075,49029.01484,50540.81377
Dominican Republic,60,6499.853498,6706.14489,7006.286074,6943.330205,7208.898739,8023.782318,8900.154654,9677.257368,10044.09956,10078.87014,10907.35641,11333.54709,11706.6926,12322.38621,13339.7627,14264.83549,15227.94202,16029.62371
Algeria,12,8093.530893,8416.752682,8911.68068,9621.160947,10176.67563,10971.84687,11332.7899,11843.71921,12162.26435,12242.17814,12610.24805,12990.34502,13404.41178,13715.74358,14203.8954,14614.97043,15013.29638,15275.37422
East Asia & Pacific (excluding high income),,3289.053495,3548.970453,3845.223654,4220.20851,4677.281309,5241.443522,5920.633028,6744.129116,7387.854111,7938.705245,8744.620905,9592.577194,10420.49531,11257.59359,12133.15349,12958.52798,13845.23347,14904.79815
Early-demographic dividend,,4022.17412,4114.613002,4187.87323,4412.63488,4756.626987,5153.502202,5593.945668,6041.041323,6333.423435,6443.551925,6880.892994,7301.149809,7644.566289,8002.338017,8414.254956,8762.816615,9190.767372,9701.624031
East Asia & Pacific,,5710.268109,6012.303367,6380.519728,6800.235157,7382.934228,8037.643444,8827.829497,9759.378233,10388.12899,10789.32991,11721.84539,12610.42886,13479.35807,14402.56646,15259.96864,16114.48315,17038.88856,18155.58293
Europe & Central Asia (excluding high income),,6074.517793,6439.231886,6892.337952,7619.936348,8535.451544,9586.585219,11474.10982,12800.1902,14705.54678,14209.85087,15196.63939,17266.78239,18183.37281,18896.87903,19365.29897,19184.3161,19489.07887,20607.09903
Europe & Central Asia,,15848.96481,16646.00906,17438.8046,18098.66435,19221.45876,20261.96758,22419.59104,24020.03106,25666.88081,24949.49248,26010.07248,27766.59967,28490.11918,29491.77531,30248.24541,30654.8667,31378.69748,32780.14382
Ecuador,61,5855.634754,6120.930896,6360.968733,6555.372742,7169.972305,7664.289273,8110.485561,8366.145444,8920.500827,8889.213526,9163.159136,9926.903441,10512.31875,11037.34677,11483.9968,11446.36514,11242.04752,11617.42885
"Egypt, Arab Rep.",,5856.221721,6086.419738,6207.541692,6410.523732,6728.861316,7124.489862,7708.047561,8327.410813,8939.282135,9255.383927,9658.065215,9823.823287,10003.35422,10156.41485,10407.78167,10750.4563,11134.02672,11582.594
Euro area,,25317.12636,26513.81797,27539.11425,27954.7664,29071.83338,30106.4643,32521.90089,34411.14934,35746.99604,34844.25396,35842.43756,37434.34967,37810.26639,38991.82905,39921.56644,40864.7359,42080.96377,43784.14337
Eritrea,65,1330.93985,1436.292218,1453.333656,1395.231872,1409.043034,1450.333417,1444.85803,1473.074941,1329.644373,1366.590931,1387.714663,1510.458929,,,,,,
Spain,170,21530.47468,22929.8622,24363.01492,25054.26078,26189.45552,27702.46431,30819.2424,32591.40996,33463.6541,32385.20632,31954.24275,32068.27093,31988.25387,32603.90577,33709.64924,34818.12051,36305.22213,38090.9406
Estonia,66,9419.756951,10311.35404,11590.60317,13063.80803,14424.5942,16516.14387,19260.49339,21960.5075,22664.03933,20498.70606,21602.74074,24543.06747,26022.46885,27495.73442,28538.42864,28688.96877,29743.33743,31637.67832
Ethiopia,67,490.0363908,527.3172499,528.06452,512.0775458,580.921474,652.1060614,724.9016942,807.4365645,888.1424517,948.2249523,1052.104262,1162.783317,1253.243318,1371.981671,1500.654548,1632.551806,1734.464075,1899.208126
European Union,,22572.63018,23689.64325,24733.13694,25324.58931,26558.90157,27505.43046,29757.45902,31530.69545,32957.6721,32161.55385,33259.68977,34720.33564,35279.49053,36492.3788,37502.72999,38457.37629,39624.74031,41326.81416
Fragile and conflict affected situations,,2421.023482,2491.132734,2456.353541,2309.884219,2670.873551,2875.164047,3100.160323,3273.9202,3443.610875,3549.44279,3729.316075,3547.557001,3964.25219,4103.65523,4126.85802,4144.105176,4269.809834,4394.369391
Finland,69,26748.63105,27793.71833,28567.1712,28982.92386,31129.29964,31993.40726,34367.47428,37696.64762,39969.3876,37823.22919,38775.17486,40683.52758,40620.17607,41293.51577,41470.20236,42071.19127,43378.14603,45191.59402
Fiji,68,5289.881521,5498.341665,5750.991919,5917.528964,6388.993904,6612.747688,6895.237516,6956.304866,7093.550249,6976.983703,7203.365693,7488.829381,7676.778694,8113.236145,8661.655883,9027.542438,9109.951924,9554.602534
France,70,26090.10166,27524.42994,28523.88573,28139.55706,29044.39611,30498.57929,32439.06176,34082.45916,35095.26023,34678.94158,35935.0262,37440.64149,37679.13326,39523.87012,40141.59032,40564.46071,41357.98693,42778.92888
Faroe Islands,,,,,,,,,,,,,,,,,,,
"Micronesia, Fed. Sts.",,2472.299737,2579.23139,2639.018015,2748.333305,2741.629518,2898.409605,2998.005601,3034.795573,3043.078983,3117.741846,3230.949855,3412.906554,3405.472279,3320.56348,3297.326408,3483.455937,3508.715192,3622.331967
Gabon,72,14095.07303,14360.89758,14183.77902,14415.99098,14520.30388,14961.75104,14555.82283,15369.25308,14686.61432,14347.32297,15045.15818,15893.54772,16457.39225,17078.49864,17569.95441,17928.89201,18071.25689,18183.12368
United Kingdom,,26245.85621,27462.61251,28806.88884,30043.99723,31732.9523,32436.87959,34500.70813,35289.39801,36257.51245,34589.5666,35875.45628,36607.98109,37705.59422,39308.13457,40707.20099,41579.86341,42656.2166,43876.59936
Georgia,74,2587.027809,2793.302651,3011.616877,3455.755048,3808.345012,4364.786505,4985.276523,5825.773265,6155.927442,6054.394897,6597.568549,7315.090898,8026.507187,8541.81226,9216.716264,9610.543382,10004.52841,10698.68087
Ghana,76,1790.597787,1857.307893,1920.939582,2008.478808,2123.225052,2260.999579,2415.537414,2520.728064,2733.285353,2814.3581,2997.496491,3404.459566,3699.357199,3940.097375,4075.34121,4181.412842,4295.21767,4641.323379
Gibraltar,,,,,,,,,,,,,,,,,,,
Guinea,81,1126.034378,1172.19164,1228.88743,1245.527815,1284.830659,1339.178009,1368.105596,1468.414251,1524.956513,1485.774748,1541.714301,1625.560273,1715.176822,1771.392998,1827.442103,1872.367758,2043.06019,2284.778752
"Gambia, The",,1228.245776,1288.664167,1226.483477,1294.582639,1378.773245,1365.193894,1378.274164,1420.511428,1483.758347,1541.959303,1610.981598,1524.768774,1589.072363,1640.010903,1633.063021,1669.74581,1676.878795,1714.5931
Guinea-Bissau,82,1080.622902,1107.804247,1091.333456,1095.971555,1132.229424,1191.608219,1228.267586,1272.123255,1307.097078,1328.551484,1372.035864,1475.38909,1438.981556,1470.899984,1472.978369,1540.315132,1616.4238,1700.219832
Equatorial Guinea,64,8554.627584,13726.63404,15984.2427,17823.75329,24219.66767,27933.46545,29643.92635,33513.74211,38441.34833,37496.56822,33041.18835,34363.15291,36288.40627,33877.54224,33228.16118,29341.48771,26142.08953,24816.86684
Greece,77,19515.78932,20981.01394,22615.93565,23868.52441,25446.38326,25577.52408,28523.24233,29286.87291,30856.01183,30359.9253,28175.85552,26141.31959,25284.46408,26097.8719,26838.45523,26697.2485,26764.96161,27809.39996
Grenada,78,7650.044921,7648.712433,8013.328394,8922.588015,9083.643603,10590.16818,10448.24259,11347.13349,11640.86452,10915.06759,10951.88411,11220.82837,11252.02342,11655.40746,12681.81387,13585.50464,14200.00719,14924.10194
Greenland,,,,,,,,,,,,,,,,,,,
Guatemala,80,4811.825621,4920.475036,5068.519243,5176.763606,5359.66911,5582.008758,5926.81529,6324.938786,6515.057583,6456.221896,6578.247295,6844.49564,7026.193874,7249.278756,7529.392068,7765.757271,7946.677688,8150.262204
Guam,,,,,,,,,,,,,,,,,,,
Guyana,83,3584.189022,3753.523279,3853.14096,3890.608192,4130.392832,4183.794746,4541.680375,5001.414662,5211.157857,5441.775599,5729.563121,6130.837616,6538.376581,6930.287694,7275.073685,7535.976471,7836.379176,8162.60154
High income,,27229.87128,28096.04973,28949.2553,29939.06501,31627.10437,33186.39735,35325.29668,37057.11952,37972.19213,36929.77799,38354.58008,39921.97995,41004.23087,42383.1442,43570.05855,44718.32709,45789.09313,47400.14687
"Hong Kong SAR, China",,26962.55949,27528.05999,28288.14003,29792.79155,33016.75237,36437.42763,39940.80339,43280.92647,44800.17398,43935.65834,47134.55565,50085.95933,51306.33284,53536.25338,55610.52343,57068.04043,58681.61806,61540.15831
Honduras,85,2638.272292,2701.980361,2775.91144,2888.183786,3078.01306,3291.9321,3535.360191,3770.76575,3923.597021,3779.318967,3890.851407,4046.076252,4213.02445,4323.244467,4457.449578,4599.650144,4752.484848,4986.23136
Heavily indebted poor countries (HIPC),,1138.033419,1181.878442,1206.185645,1250.224696,1318.709359,1405.698159,1494.936183,1594.616082,1677.448302,1716.136684,1786.866235,1861.851773,1952.307257,2042.977009,2137.351899,2209.715002,2279.486631,2381.363992
Croatia,52,10753.2483,11309.03421,12283.73116,13121.62137,14092.59645,14859.36027,16927.22658,18775.01808,20246.98942,19447.29459,19239.74862,20750.44332,21162.99556,21779.98399,22057.00553,22723.61426,23710.40909,25264.43818
Haiti,84,1378.692051,1372.370079,1367.567255,1377.794774,1344.445919,1390.757782,1442.976901,1507.289069,1526.169509,1561.387409,1471.648649,1562.278874,1614.025896,1686.171533,1741.18434,1758.33446,1783.94019,1814.943236
Hungary,86,11876.08117,13241.99662,14549.58618,15467.23972,16251.38085,17081.77434,18300.32567,19026.83973,20678.67991,20648.05514,21555.85911,22841.21034,23094.47333,24463.19947,25524.71762,26147.53737,26700.75608,28375.37267
IBRD only,,4384.130037,4598.887425,4823.68045,5152.025942,5649.090703,6209.942483,6946.600186,7705.580346,8328.579868,8585.71828,9290.699748,10067.02897,10680.34422,11279.10775,11879.75756,12350.29247,12956.69606,13746.46845
IDA & IBRD total,,3791.152239,3967.636,4146.6726,4415.740116,4840.6404,5299.591649,5897.549948,6509.319059,7003.455444,7206.982239,7761.156094,8367.250836,8846.282379,9319.070528,9793.639785,10149.80067,10602.99293,11208.93982
IDA total,,1643.15495,1709.392082,1753.799416,1845.815207,2058.000485,2203.761524,2371.363964,2536.07832,2655.458545,2742.810353,2869.559655,2990.232157,3116.892136,3274.593488,3443.766642,3537.356365,3618.837928,3775.403948
IDA blend,,2394.481217,2469.131753,2524.7848,2666.605236,3108.329148,3311.316999,3568.198551,3792.952955,3925.112426,4048.943146,4214.14392,4390.124383,4561.450698,4763.023445,5004.317267,5144.480705,5214.903006,5363.868181
Indonesia,9,4601.849337,4810.755645,5033.949128,5305.683329,5647.24128,6076.577888,6517.949093,7019.74893,7486.01947,7787.123624,8262.899269,8837.820122,9421.586953,9979.517292,10537.66002,11040.19721,11610.99312,12283.61543
IDA only,,1257.233878,1321.357346,1361.671739,1429.215534,1520.843278,1639.073714,1761.848944,1897.317947,2012.018815,2080.902223,2187.970213,2283.266525,2387.083369,2522.71124,2654.681278,2723.796089,2812.048234,2975.965689
Isle of Man,,,,,,,,,,,,,,,,,,,
India,88,1977.645023,2083.82455,2159.35976,2336.473081,2549.265889,2830.405074,3138.633816,3484.884682,3637.643029,3920.006139,4315.596024,4635.879137,4916.48579,5250.512363,5672.926973,6130.067515,6573.932155,7055.55483
Not classified,,,,,,,,,,,,,,,,,,,
Ireland,,30173.20484,32572.65926,35210.85747,36235.37686,38683.01724,40438.10514,44211.1245,46751.59529,44280.69146,41613.34419,43298.69414,45147.37624,46374.23951,48067.12071,50994.30614,68576.74433,71388.75968,76304.70803
"Iran, Islamic Rep.",,10411.54924,10577.45743,11369.85004,12457.5045,13205.62327,13904.59514,14878.0426,16335.49775,16511.03298,16611.99802,17579.87394,18192.1056,16932.17721,16954.51316,17828.63996,17571.22224,19948.8166,20949.944
Iraq,90,9651.690102,9813.44306,9020.769442,5989.836848,9239.309726,9701.238097,10740.83541,10905.91196,11736.73816,11905.19641,12460.33797,13261.60145,14895.39198,15754.39979,15631.3549,16050.56191,17516.25908,17196.78104
Iceland,87,29453.42665,31534.14569,32219.72435,32338.18248,35332.64437,36965.14032,38718.01419,40780.09581,42721.16286,41195.95966,38535.32706,39621.93566,40696.0378,42821.28504,44546.01045,47499.62538,50745.68298,53518.09109
Israel,,24935.34976,24932.59822,25213.53905,23799.09028,25228.08697,24819.9541,25676.07014,27496.21162,27399.44764,27498.56537,28828.32153,30558.39128,31708.08711,34128.95648,34086.54876,35888.87589,37258.22359,38412.67881
Italy,92,27022.86161,27955.87767,28641.55815,29079.30722,29457.89097,30051.77327,32336.16134,33990.61775,35402.91685,34507.753,35042.19537,36347.34248,36237.11043,36131.13211,36070.8056,36640.11558,38380.17241,39817.15196
Jamaica,94,6286.541527,6467.240845,6651.866091,6989.001944,7232.866069,7488.696798,7897.640954,8178.920834,8228.219334,7891.692734,7834.270978,8099.155573,8163.702832,8305.304125,8481.507265,8620.356524,8821.31143,8995.350211
Jordan,96,5734.639122,6066.931091,6400.539213,6662.112162,7245.386276,7835.0884,8405.60117,8944.488927,9332.542462,9436.677022,9281.147212,9214.206624,9129.389779,9062.040519,9082.960152,9041.817565,9047.768923,9153.35242
Japan,95,26838.86865,27495.6852,28160.10761,28921.59692,30361.81497,31663.4531,33098.90999,34502.23491,34798.7659,33192.67977,35000.32121,35774.69671,37191.38595,38974.07949,39179.15561,40717.32438,42281.18819,43875.74905
Kazakhstan,97,7887.892984,9172.369178,10225.4459,11360.99333,12705.43385,14259.0187,16098.51091,17793.14788,18513.92541,18387.06365,19690.03391,21276.93402,22391.31823,23773.43556,24847.85876,25049.93554,25286.43372,26409.54118
Kenya,98,1690.012246,1745.521621,1734.123469,1771.664434,1861.799487,1980.260396,2114.335781,2256.349035,2243.369073,2271.968719,2425.92444,2556.962872,2650.538877,2776.598485,2900.3707,3019.951952,3156.118932,3285.910409
Kyrgyz Republic,,1644.311975,1754.554341,1764.905161,1906.556261,2071.417492,2110.377936,2218.727934,2448.899199,2681.122187,2746.102655,2733.729337,2920.60321,2922.702873,3229.349349,3351.670999,3447.60825,3569.51839,3725.541023
Cambodia,40,1097.755589,1182.051877,1255.644205,1366.004185,1523.775476,1753.441983,1971.627326,2197.829978,2355.790305,2340.381721,2471.891474,2658.709247,2858.71357,3067.55303,3291.284762,3504.418254,3736.964612,4001.756778
Kiribati,,1590.908787,1576.121796,1632.689646,1669.000139,1656.264798,1759.55826,1748.301393,1795.291131,1757.832584,1738.725516,1696.511974,1706.480953,1794.518408,1894.779074,1912.129844,2094.910004,2108.537741,2174.994973
St. Kitts and Nevis,,15989.91059,17016.84631,17476.83627,16939.39396,17782.94641,19702.28979,20423.90714,20689.53149,22178.10625,21435.71875,20979.06198,21689.30389,21711.94624,23180.10555,24737.95843,25737.62444,26382.78765,27066.93338
"Korea, Rep.",,18083.0841,19184.3861,20775.10514,21374.49678,22947.22316,24196.42385,25827.7946,27822.86014,28655.98352,28320.31912,30376.87182,31228.5107,32097.164,32615.77259,33587.5834,35203.73414,36629.8646,38260.17503
Kuwait,100,55420.72265,55510.35575,57119.74585,67552.42741,75528.22353,83224.57488,88328.01607,91268.60723,90011.78217,79296.86474,73682.86838,77459.53831,79047.76387,76667.70633,74617.69197,72918.00376,74263.99863,71943.00888
Latin America & Caribbean (excluding high income),,8232.517141,8395.430992,8514.29667,8615.691277,9234.069543,9853.00404,10599.96121,11329.05221,11934.37542,11797.89836,12461.30737,13233.72355,13734.15889,14176.19665,14517.34492,14349.24172,14395.54748,14734.0544
Lao PDR,,1969.701704,2096.907986,2221.186411,2367.445811,2548.398911,2773.571076,3054.581779,3317.147454,3585.167178,3820.361454,4133.441868,4495.15215,4882.41856,5293.963358,5727.011486,6128.358238,6549.668,7023.371679
Lebanon,104,9933.079261,10161.73147,10176.45461,10196.8175,10632.03816,10924.51068,11236.70803,12524.41373,14023.26449,15282.37826,16118.96329,15693.68728,15334.65,14902.76348,14570.53209,14218.82972,14308.75113,14675.64435
Liberia,106,664.7766667,674.8301245,694.3210161,486.2156545,502.9640936,532.3540947,572.7162985,618.8861988,648.426741,661.1688639,685.5006861,734.3262738,786.1243216,847.1320298,847.7245928,836.181489,812.6739438,826.4516826
Libya,107,17375.64648,17186.16388,17010.81358,19299.51646,20392.47615,23189.82724,25071.94434,26966.4962,27843.12564,27523.81746,29030.84338,11192.79064,25416.08443,22322.38437,17246.82628,15810.25223,15420.16863,19631.29944
St. Lucia,,8660.701924,8482.455984,8571.660873,9052.206692,9896.789363,10087.24736,10931.05449,11205.12225,11933.11031,12037.43148,11878.58658,12112.40013,12287.00492,12848.64373,12994.75487,13334.2754,13665.31805,14219.23744
Latin America & Caribbean,,8708.467408,8850.548375,8882.21807,9069.815761,9763.120218,10451.03337,11317.94707,12131.70542,12727.42264,12515.08674,13293.33279,14141.60132,14633.50747,15108.34695,15408.41103,15306.5141,15346.67194,15736.17654
Least developed countries: UN classification,,1123.731974,1182.701387,1227.623287,1290.723955,1380.588702,1506.632078,1637.710019,1787.277304,1907.737996,1974.776366,2073.934751,2158.72883,2247.062747,2368.282192,2484.850117,2541.162584,2606.855954,2741.293562
Low income,,1081.098583,1127.868428,1142.463607,1173.6519,1238.882672,1320.75608,1389.893512,1474.597335,1538.613253,1589.32052,1672.521244,1737.573623,1790.323324,1884.856966,1974.448669,1963.729937,1973.396032,2074.997596
Liechtenstein,108,,,,,,,,,,,,,,,,,,
Sri Lanka,171,4392.675495,4392.683269,4601.365328,4931.536703,5299.683954,5766.395248,6351.95736,6914.786175,7419.359033,7690.426925,8357.029907,9193.359509,10163.86011,10595.71573,11219.55332,11798.38995,12343.36087,12810.95091
Lower middle income,,2512.699545,2635.205371,2733.896712,2917.362752,3190.235086,3467.533039,3787.936362,4133.501766,4350.755034,4544.732927,4869.920392,5165.748786,5448.640128,5757.416299,6108.009264,6446.565515,6789.605088,7192.119178
Low & middle income,,3634.260501,3812.506397,3997.885883,4258.840905,4670.463696,5119.559974,5697.007042,6290.035983,6775.568505,6987.917193,7521.379819,8109.182524,8587.014548,9054.832459,9533.67369,9887.33762,10344.52706,10941.45297
Lesotho,105,1411.816863,1481.736988,1502.343574,1588.985582,1646.888415,1744.531577,1858.82186,1983.740482,2139.925183,2181.596966,2317.828928,2500.014871,2665.514149,2722.742905,2820.269125,2883.811087,2951.021894,3130.151508
Late-demographic dividend,,4737.911475,5062.13807,5430.087104,5909.411712,6527.268731,7235.114798,8239.265404,9268.651491,10210.45274,10610.57436,11547.97533,12708.17328,13616.26267,14474.9909,15293.35204,15950.39862,16704.41613,17756.37475
Lithuania,109,8456.32163,9459.492241,10494.34857,12066.82486,13036.08568,14526.13395,16486.70147,19092.24886,20744.06663,18142.65292,20110.33897,22854.33217,24658.00753,26660.55989,28174.36352,28783.66677,29862.31889,32092.49739
Luxembourg,110,55340.09732,55941.38138,58771.50927,60035.19605,64074.50515,68220.06448,77961.47479,83967.26047,86693.89512,82263.43623,85696.99591,92005.01684,91622.17742,95590.5387,101640.0534,102517.1382,102389.4377,103661.757
Latvia,103,8018.050373,9042.667831,10070.00251,11025.83482,12218.72796,13847.63412,15754.6178,18126.15112,19432.22329,16868.81667,17575.7297,19773.38372,21252.71853,22676.38021,23808.01488,24510.16206,25586.2887,27598.32909
"Macao SAR, China",,33469.13162,34408.4387,37145.41287,41266.82439,52457.40285,57162.53524,65307.08994,75131.98378,77584.70527,77553.28397,96198.202,116752.2116,126863.2177,140037.0593,137742.7937,106959.8763,105420.354,115123.0782
St. Martin (French part),,,,,,,,,,,,,,,,,,,
Morocco,127,3553.994247,3854.184259,3987.266466,4257.963493,4530.82369,4773.984071,5232.009118,5496.643132,5866.564216,6086.340164,6312.915427,6688.402606,6916.435024,7239.873106,7457.181097,7770.245991,7857.487717,8217.456796
Monaco,123,,,,,,,,,,,,,,,,,,
Moldova,,1839.712736,2000.887403,2195.14622,2393.417558,2647.756644,2945.080151,3190.121573,3381.098617,3723.402213,3531.032976,3831.749187,4179.214809,4226.959198,4700.234439,5017.306696,5054.682473,5352.776867,5697.834883
Madagascar,112,1144.578853,1203.397066,1034.924625,1124.373507,1180.242607,1237.201112,1300.704121,1378.26419,1463.094812,1375.638427,1357.654563,1367.543082,1396.203885,1411.918029,1445.342572,1466.497463,1506.238325,1555.044799
Maldives,114,7742.577293,7430.674339,7892.021729,8917.807613,9458.807576,8257.553604,10453.82063,11260.66491,12243.32426,11139.55023,11762.64972,12664.99068,12843.89778,13607.20299,14471.54968,14593.9729,15347.99779,16669.40493
Middle East & North Africa,,10818.20877,11009.56221,11178.25356,11727.17069,12770.13607,13528.24932,14427.86703,15253.39133,15882.06769,15806.94872,16456.69869,16964.64604,17557.18633,17940.64236,18390.01662,18676.31894,19498.76158,19896.61512
Mexico,121,10799.05835,10878.9012,10901.14826,10954.5285,11506.78254,12369.75975,13437.48124,13999.96955,14551.04528,14172.49044,14858.53865,16049.36424,16658.08224,16848.03952,17481.91639,17239.32066,17769.66428,18149.09959
Marshall Islands,,2293.737344,2470.697461,2575.481591,2633.42782,2711.232218,2881.109185,3010.958873,3200.38771,3204.513387,3169.834845,3408.776762,3513.291213,3693.225389,3850.700775,3882.415871,3903.127907,4022.978632,4192.929073
Middle income,,3903.193754,4099.45805,4306.756634,4596.798821,5051.244988,5547.064658,6187.682999,6846.299597,7389.336332,7631.04753,8228.130212,8888.09503,9428.907795,9955.759404,10497.04252,10909.86247,11438.8006,12117.71627
"Macedonia, FYR",,6126.103283,6033.871851,6305.388044,6502.200339,7082.625248,7759.728958,8585.899816,9241.273577,10417.66842,10912.23669,11284.80918,11611.85199,11841.01259,12655.53657,13370.02058,13766.31883,14731.35963,15231.3326
Mali,115,1159.551873,1328.888461,1349.883549,1456.524978,1472.481882,1567.708574,1636.445353,1681.662578,1737.714752,1774.06535,1834.117059,1874.70303,1838.190576,1856.267363,1964.835907,2043.718105,2125.716027,2211.415206
Malta,116,19422.71414,19637.61424,20561.68377,20936.1531,21408.68761,22232.57537,23226.9614,24889.05507,26193.06845,26134.92465,27836.06147,28618.50259,29436.16459,31063.86308,33229.47904,35787.87696,37363.32933,39534.92022
Myanmar,,1035.524118,1165.801255,1311.63469,1507.493596,1742.632258,2025.540178,2343.183622,2676.190656,2989.784895,3308.846366,3645.936435,3898.414627,4225.119352,4613.339782,5024.924363,5384.869389,5721.228004,6138.761026
Middle East & North Africa (excluding high income),,7294.829154,7497.719334,7732.842753,7954.22932,8666.183459,9187.941109,9820.043846,10503.72882,10898.4394,11067.73351,11576.41915,11532.35573,11824.20628,12000.80998,12267.48651,12302.29818,13092.15361,13567.35135
Montenegro,125,6001.709187,6778.759473,7100.276793,7332.225099,7837.922316,8313.692214,10449.26211,12445.21173,13816.54775,13022.4702,13648.23275,14472.47354,13863.8542,14870.14602,15371.14134,16272.19565,17633.14636,18765.1058
Mongolia,124,3689.703496,3849.34789,4053.41888,4377.923276,4921.366946,5384.323071,5950.249158,6647.153762,7278.375529,7131.643494,7552.665586,8881.48475,9969.140218,11093.85011,11955.12576,12152.17138,12252.2772,12999.5288
Northern Mariana Islands,,,,,,,,,,,,,,,,,,,
Mozambique,128,445.1502637,498.8265646,535.1644475,564.3082393,606.7713797,661.0487226,726.7897526,778.3873547,823.7864481,857.3500028,899.1987281,954.7991162,1012.437187,1070.663568,1137.530291,1190.755747,1215.78764,1247.275563
Mauritania,118,2180.644244,2208.80505,2192.803843,2302.994958,2431.841423,2658.436435,3166.192905,3249.220341,3255.497599,3154.620763,3249.876929,3371.994582,3526.34393,3689.8449,3850.73463,3835.230926,3852.525734,3949.677854
Mauritius,119,8780.062692,9138.775495,9409.61027,9876.46913,10664.04277,11078.02723,12335.63549,13328.34086,14270.16945,14815.80799,15616.00684,16561.77098,17408.1887,18243.51278,19231.47418,20087.71538,21102.55892,22278.48548
Malawi,113,686.3825764,648.8648129,652.2987927,684.8543688,721.9696787,748.0958764,783.9016678,855.7850727,910.9173989,964.3149381,1012.067458,1051.185996,1058.912262,1099.200591,1148.637075,1159.319842,1168.825626,1202.197126
Malaysia,8,12927.84405,13003.03601,13626.95549,14411.45765,15507.31565,16540.90162,17667.86831,18931.31567,19873.17089,19367.891,20680.29685,21818.87569,23006.92553,24033.97126,25487.60943,26623.32837,27682.60794,29431.46945
North America,,35736.50624,36567.03111,37448.10698,38941.42491,41118.6297,43503.57537,45609.33061,47214.929,47602.871,46192.19129,47550.0533,48978.07671,50524.15562,51913.7836,53776.09183,55259.59286,56301.36036,58199.73649
Namibia,129,4839.87524,4919.535363,5158.089616,5416.672926,6177.919402,6464.093344,7052.267894,7629.285893,7884.762889,7853.818998,8289.696027,8721.255524,9132.342914,9578.383489,10131.35633,10622.15643,10596.41738,10475.51927
New Caledonia,,,,,,,,,,,,,,,,,,,
Niger,133,597.1897004,630.9074708,636.3432331,659.0855385,653.6073829,679.5562182,714.126153,728.5533018,784.1204844,755.4067206,797.7699585,801.6042311,878.760843,904.5562024,952.7914318,967.0846194,989.0897439,1016.613626
Nigeria,134,2257.525221,2351.035161,2415.791906,2650.976241,3550.744733,3694.485774,4014.48935,4288.395313,4525.212182,4747.714933,5045.978167,5259.295504,5437.807117,5670.102575,5975.010319,6038.462315,5861.089656,5860.84706
Nicaragua,132,2739.388794,2842.948823,2868.436501,2959.810136,3161.236389,3358.645014,3546.813453,3776.233358,3931.054301,3781.76748,3947.216766,4231.497518,4535.28474,4779.773333,5040.53463,5278.44924,5533.07424,5842.171881
Netherlands,131,31591.92861,32864.23423,33991.05929,33701.11297,35428.39431,37265.34509,40602.6534,43471.63797,45843.89223,44037.36411,44542.83655,46066.65241,46707.26971,48666.31785,48606.25361,49527.66966,50538.60657,52941.12298
Norway,136,36950.49466,37818.30313,37959.79481,38530.45164,42501.62478,47772.43008,54086.77684,55887.11695,61757.24557,55427.57687,58022.03349,62145.02615,65447.49582,67056.11704,66015.4403,61722.23991,58808.39076,60978.2775
Nepal,130,1220.424872,1285.363341,1285.146366,1341.498888,1422.473508,1499.722461,1579.309241,1659.113785,1777.233566,1853.338355,1945.806681,2031.087465,2142.098495,2239.403285,2387.290526,2464.389033,2477.903345,2681.843838
Nauru,,,,,,,,,3753.646053,5173.046055,5664.843197,6459.080878,7339.304367,8050.704559,10429.8055,13232.73745,13066.20362,13966.49778,14157.53321
New Zealand,4,21509.41191,22517.23404,23306.27954,23963.72317,25085.5015,25677.1039,27766.99213,29387.02797,29860.37025,30700.95635,31265.73845,32734.53667,32986.03121,36219.57969,37283.10041,37864.99954,39465.11531,40916.93566
OECD members,,25245.61036,26042.17728,26857.73266,27617.5004,29090.86546,30482.36762,32467.19294,34012.76056,34849.74247,33901.58071,35171.42162,36587.31633,37555.73445,38820.16775,39958.48032,40946.37388,41944.02368,43544.48784
Oman,137,34848.67962,36805.66686,36334.00804,35298.68754,35843.88055,36914.22638,38979.06749,40546.04964,43170.76341,44173.29621,44418.77038,42121.43192,43822.81584,43386.64559,42522.41731,42459.75058,43012.8492,41675.34375
Other small states,,10634.57078,11186.70019,11704.13974,12202.72506,13515.40908,14470.68133,16324.52351,18049.49988,19487.59876,19674.59063,21082.52073,22722.00139,23462.33931,24079.65526,24624.52858,24980.14714,25290.59005,25772.25216
Pakistan,139,2770.166499,2826.653877,2900.068232,3037.222837,3282.315892,3573.525102,3831.577823,4040.345942,4104.907382,4166.508041,4196.955809,4309.763713,4447.90271,4619.744539,4820.78329,5000.283839,5238.213529,5527.377674
Panama,140,8421.509944,8496.522625,8652.410772,9024.404614,9785.957957,10629.15229,11688.02782,13196.22417,14518.60512,14549.53599,15312.44725,17093.83998,18781.0507,20053.57595,21087.7678,22134.9748,23157.2224,24445.97147
Peru,143,5202.233095,5283.029045,5584.343153,5858.862946,6240.731544,6762.772656,7404.295238,8148.92185,8956.515287,9010.325505,9755.149148,10449.09326,11145.5119,11828.80684,12164.9573,12533.49118,13030.0139,13434.1256
Philippines,144,3348.152451,3449.527826,3554.911739,3729.011351,4008.678642,4255.159861,4535.14092,4881.396533,5100.535756,5115.481777,5483.620944,5707.204842,6099.121248,6526.650182,6937.850118,7320.498539,7800.65101,8342.804479
Palau,,9821.543196,10480.9376,10861.39743,10732.59592,11599.29488,12636.80942,12610.4035,12941.43097,12280.53612,11646.1828,11606.93399,12518.71303,13153.2507,13061.08998,13541.47599,14938.64319,14986.76968,14536.04091
Papua New Guinea,141,2175.685453,2166.604958,2141.607789,2176.484426,2240.966338,2400.157835,2469.815844,2749.932397,2730.023436,2870.189083,3127.019115,3155.403568,3289.822855,3396.916954,3907.297157,4072.818793,4117.285655,4197.311358
Poland,145,10651.21145,11111.21774,11781.05635,12256.30357,13345.87962,13895.92354,15144.147,16785.0668,18310.44321,19242.98884,21068.85123,22850.63885,23833.2097,24719.24751,25602.41744,26594.75786,27383.25494,29291.35378
Pre-demographic dividend,,1821.317158,1888.756836,1893.331126,1854.035306,2254.422912,2389.313086,2589.259821,2759.756842,2917.445179,2994.697161,3125.291021,3253.00174,3397.83474,3548.731723,3670.291891,3740.765533,3794.007338,3829.163039
Puerto Rico,147,24575.57805,26665.39798,27287.66743,27829.24282,31089.74471,31497.83921,32143.73642,32807.19262,33027.01544,32806.54977,33237.81691,34195.64085,35259.80601,36130.99367,36939.99661,37581.03004,37793.9235,
"Korea, Dem. People’s Rep.",,,,,,,,,,,,,,,,,,,
Portugal,146,18883.91146,19556.88971,20367.66441,20839.44757,21483.3193,22739.58966,24658.55547,25701.50243,26631.56396,26464.37547,27334.8116,26780.21491,26454.1026,27899.50947,28746.65308,29532.38116,30658.632,32198.82001
Paraguay,142,4822.978789,4797.719311,4780.157954,4996.038586,5251.990099,5448.980231,5799.018833,6188.424453,6621.219162,6322.535061,7142.057039,7504.653644,7447.108184,8514.08188,8955.871048,9199.669384,9567.339128,9690.774655
West Bank and Gaza,,3331.356147,3106.931624,3031.451816,3303.082094,3592.666868,4010.147761,3844.389747,3780.691175,3470.017984,4045.128,4088.336765,4356.341825,4931.002184,4655.149359,4550.366426,5019.238115,5109.712663,4885.341879
Pacific island small states,,3570.783893,3663.490913,3765.694686,3873.083053,4105.994326,4272.607852,4446.777695,4544.459653,4650.398871,4552.154438,4678.767184,4902.660698,5014.972709,5190.607931,5440.661784,5617.41536,5717.580483,5940.713352
Post-demographic dividend,,26819.34801,27780.76611,28742.92549,29669.89334,31284.30258,32804.83717,34892.48923,36583.2544,37471.60924,36426.79416,37729.18069,39128.45051,40147.99792,41516.52006,42680.51157,43709.76612,44818.37923,46482.46763
French Polynesia,,,,,,,,,,,,,,,,,,,
Qatar,148,85860.61144,87599.29641,91083.79152,90348.99372,100426.5461,97767.19034,108831.2524,111959.8615,115012.4503,113312.8522,122609.4108,129349.9164,127610.2088,126913.0354,127318.901,127516.9086,127480.4825,128378.3008
Romania,150,5877.075724,6578.858165,7179.142404,7820.313723,9134.35815,9723.548285,11689.10181,13790.27589,16726.73238,16489.78156,17027.14177,17997.88413,18983.2731,19859.44727,20609.58353,21566.07305,23050.01033,25840.83637
Russian Federation,151,6825.411391,7367.609061,8029.122652,9253.577429,10231.42645,11822.3709,14916.18526,16648.58686,20163.58765,19386.5844,20497.93408,24310.04397,25784.56716,26240.2745,25797.49853,24737.68944,24818.90519,25532.99535
Rwanda,152,628.4938115,671.9301517,753.5388079,772.44802,839.4451321,929.4457449,1021.977525,1100.476563,1213.796723,1264.362079,1337.558637,1436.868937,1549.65559,1606.893239,1716.970021,1843.326591,1930.700212,2035.654068
South Asia,,1997.611209,2091.487798,2163.140799,2323.576618,2524.212892,2787.434147,3070.882792,3380.72986,3525.435259,3763.328652,4088.88983,4371.638183,4631.419976,4924.046754,5290.678467,5678.732828,6066.005854,6493.77259
Saudi Arabia,158,34139.65786,33621.69793,32262.66055,35550.27719,38293.23543,40547.13447,41782.54409,42520.35502,44841.92932,43055.81069,44502.41931,48524.63249,50573.39065,51264.86615,52628.25206,54013.87804,54378.69812,53844.73624
Sudan,172,1812.470805,1919.533987,2016.667389,2154.735328,2237.188411,2415.537115,2668.223752,2975.82959,3187.310976,3231.236495,3298.004749,3631.663456,4172.538735,4322.99132,4412.1619,4568.664858,4730.461871,4903.575522
Senegal,159,1514.344488,1579.777776,1573.789968,1668.458121,1767.774854,1876.662445,1929.54176,2023.257931,2081.007673,2088.251747,2139.815826,2158.181182,2227.468055,2272.532894,2337.112642,2442.643073,2566.119179,2712.337455
Singapore,1,40983.9929,40413.85614,42374.00148,45806.33994,50918.82248,55180.901,60007.97367,64475.36198,63447.48174,61655.75043,70657.03495,75113.20453,77690.78939,81647.58597,85227.06733,87043.18771,89103.15883,93905.42416
Solomon Islands,165,1439.995732,1319.349014,1267.963537,1341.834537,1409.804177,1496.310269,1609.890423,1732.270747,1848.299321,1734.399236,1833.514116,2071.892091,2158.509659,2211.517173,2253.90013,2288.629698,2350.192843,2421.783202
Sierra Leone,162,723.4657472,667.4313473,819.0149158,870.5849123,911.4476839,945.160682,982.3090271,1059.511243,1110.918662,1128.520435,1175.715701,1246.252789,1428.535497,1712.832695,1782.571139,1399.523362,1470.858648,1526.347711
El Salvador,63,4483.299147,4595.672556,4712.586437,4856.115876,5009.562946,5285.920731,5659.104151,5891.544436,6107.96454,5999.644674,6173.319341,6511.443727,6786.562463,7026.609374,7258.967543,7474.913704,7726.170444,8006.059219
San Marino,,59984.93674,63955.49953,64327.23879,67263.56046,71351.92101,74436.85094,78675.57124,85480.63879,87503.95945,75930.52186,72368.20363,66053.1105,61392.9793,59764.10629,59646.37786,60028.92435,60932.93004,62425.63293
Somalia,166,,,,,,,,,,,,,,,,,,
Serbia,160,5725.249454,6142.883568,6800.892254,7197.350483,8067.343103,8707.039365,9611.434069,10474.38959,11921.81296,11827.60813,12087.10105,12967.91864,13107.98274,13760.05208,13771.38428,13896.12139,14514.96055,15090.02691
Sub-Saharan Africa (excluding high income),,1884.346071,1954.760739,2004.090725,2091.288407,2348.374607,2491.240359,2674.262386,2862.885671,2997.388846,3036.04472,3160.604114,3292.821886,3387.307263,3522.594171,3662.66933,3724.137621,3728.129203,3804.786592
South Sudan,169,,,,,,,,,,,,3373.961389,1578.826043,2008.087519,2039.333939,1997.02555,1693.046062,
Sub-Saharan Africa,,1885.890002,1956.254076,2005.578249,2092.66035,2349.677307,2492.682951,2675.854662,2864.659275,2999.087677,3037.684615,3162.316107,3294.688904,3389.178079,3524.56096,3664.707904,3726.249491,3730.320133,3807.058983
Small states,,9814.332043,10296.17576,10780.25929,11323.87613,12443.57761,13308.66785,14926.07333,16355.72797,17521.10843,17579.13643,18711.15752,20039.20096,20696.4453,21256.30568,21759.10572,22114.72005,22338.2904,22772.67504
Sao Tome and Principe,157,,1635.635549,1661.881428,1764.036147,1837.457262,1983.3395,2178.848988,2256.185213,2431.922089,2452.539599,2588.079743,2695.629542,2768.233515,2882.867239,3057.81502,3138.69963,3239.414034,3351.436191
Suriname,173,7713.114214,8155.709071,8542.14662,9136.100343,10146.13355,10834.59221,11473.25284,12249.53953,12869.89825,13218.0631,13924.39072,14887.93681,15410.99649,15956.949,16124.69112,15724.63939,14966.71379,15114.29604
Slovak Republic,,11354.83338,12381.65762,13294.49459,14138.77945,15193.61838,16616.13454,18867.0916,21161.48623,23691.64388,23055.07598,24986.61281,25835.00476,26647.42196,27897.59857,28927.66876,29522.04477,30460.38408,32110.48967
Slovenia,164,18047.49626,18971.06889,20305.02222,21132.17816,22785.02008,23945.25534,25766.53895,27600.86909,29624.19018,27471.04799,27766.42038,28804.70152,28900.87803,29796.81199,30854.09941,31468.36317,32723.07195,34801.63041
Sweden,175,29275.83802,29658.64834,30587.76252,31470.60745,33540.01951,33967.18753,37423.15695,40572.75706,41853.69618,39645.656,41627.97373,43755.06044,44724.97434,45673.17063,46524.18091,47891.27784,48904.55437,50069.65101
Swaziland,174,4628.369374,4732.684911,4978.679918,5243.645711,5544.022446,6006.336156,6476.094832,6834.034633,6901.297505,6932.2661,7148.912703,7323.997665,7667.526813,8139.691092,8291.600074,8261.74606,8329.560581,8496.269754
Sint Maarten (Dutch part),,,,,,,,,,,,,36327.2319,,,,,,
Seychelles,161,14626.46037,14607.23869,14559.34877,14134.48392,14161.5154,15859.91946,17516.54847,19755.66719,19274.84812,19131.33174,19953.1605,22556.58257,23034.64782,24361.18821,25515.53651,26468.86683,27641.4389,28963.91868
Syrian Arab Republic,,,,,,,,,,,,,,,,,,,
Turks and Caicos Islands,,,,,,,,,,,,,,,,,,,
Chad,45,787.2251187,865.7763824,917.8284265,1033.583468,1366.996011,1596.835983,1600.201226,1640.780387,1668.577985,1695.96331,1886.251061,1863.845605,1999.034948,2077.060248,2187.627411,2201.182699,2025.737246,1941.175568
East Asia & Pacific (IDA & IBRD countries),,3324.899791,3587.6231,3887.09482,4266.158499,4728.199077,5298.450453,5984.916491,6817.204761,7467.705289,8024.29234,8838.670265,9695.515977,10532.05791,11377.82326,12262.40783,13096.23133,13991.93497,15062.24171
Europe & Central Asia (IDA & IBRD countries),,6524.292492,6899.587274,7377.234467,8083.36778,9014.124328,10017.88552,11850.56454,13208.62481,15075.55361,14699.40331,15743.07061,17779.53997,18694.32278,19418.45598,19916.86434,19838.61971,20186.00077,21369.70886
Togo,181,1012.178915,990.2326959,969.6620257,1011.056235,1033.423535,1051.03368,1097.387813,1121.731304,1137.992257,1155.260187,1183.839338,1233.834912,1282.532064,1319.659066,1385.63282,1438.689326,1497.423643,1569.727419
Thailand,7,7283.51129,7635.093003,8160.932736,8855.494675,9604.710478,10262.10894,11035.61459,11878.03915,12255.21202,12201.36244,13213.74775,13535.13327,14714.45022,15286.51941,15651.18063,16241.55555,16937.92689,17870.5181
Tajikistan,178,935.1975543,1035.594958,1143.268911,1268.909122,1408.964496,1519.740662,1641.034651,1777.563579,1913.519713,1957.639749,2063.730411,2211.753822,2367.185366,2525.685528,2682.586973,2811.86989,2979.310239,3180.389446
Turkmenistan,185,4227.158426,4463.902487,4498.820069,4691.967981,5010.761804,5783.426492,6538.595025,7363.082409,8496.630693,8952.453518,9741.305291,11212.53851,12460.7504,13697.55492,15098.29586,15964.79184,16875.98774,17992.7666
Latin America & the Caribbean (IDA & IBRD countries),,8628.478264,8755.907926,8782.509022,8968.34599,9646.664145,10339.17123,11211.17611,12029.44184,12630.57381,12417.92837,13201.29012,14059.24689,14549.64512,15024.64412,15323.82552,15217.99063,15258.88342,15640.877
Timor-Leste,,2622.023348,2859.947701,2612.841207,2531.947689,4114.881912,5603.729727,8010.212453,8516.476256,9435.902649,8817.785921,8681.607159,9717.151404,10160.86203,8974.892561,6597.598885,7878.759385,7869.451474,7213.017073
Middle East & North Africa (IDA & IBRD countries),,7337.15724,7545.061118,7783.983265,8005.173175,8722.198937,9245.486262,9887.112536,10579.85392,10983.5742,11148.89276,11663.90558,11617.0172,11906.27684,12089.38871,12361.67986,12392.03253,13191.75013,13677.21456
Tonga,,3647.468753,3844.22533,4013.365399,4154.366027,4227.460214,4404.665734,4474.418505,4373.413847,4568.495013,4681.407439,4883.370227,5101.456005,5223.00442,5123.33097,5300.523228,5526.478696,5745.191229,5956.543211
South Asia (IDA & IBRD),,1997.611209,2091.487798,2163.140799,2323.576618,2524.212892,2787.434147,3070.882792,3380.72986,3525.435259,3763.328652,4088.88983,4371.638183,4631.419976,4924.046754,5290.678467,5678.732828,6066.005854,6493.77259
Sub-Saharan Africa (IDA & IBRD countries),,1885.890002,1956.254076,2005.578249,2092.66035,2349.677307,2492.682951,2675.854662,2864.659275,2999.087677,3037.684615,3162.316107,3294.688904,3389.178079,3524.56096,3664.707904,3726.249491,3730.320133,3807.058983
Trinidad and Tobago,,14524.09121,15420.85559,16828.10937,19547.27675,21572.51352,23532.48931,27328.29287,29252.1188,30693.869,29429.34747,30628.54176,31012.71642,31830.51803,32500.49383,32848.19614,33569.41352,31858.35543,31577.67299
Tunisia,183,6003.312008,6316.873687,6446.87417,6832.440281,7400.072075,7838.074031,8424.454804,9137.583448,9609.707561,9868.801433,10225.25223,10120.67717,10595.87525,10947.99657,11342.42397,11464.20947,11605.75518,11910.95234
Turkey,184,9582.260417,9222.911525,9330.14446,9603.739206,10864.44856,11887.87499,13621.93721,14843.47188,16048.92019,15483.23677,17442.85995,19660.88949,20639.85867,22310.5364,24029.74348,24844.89555,25247.20175,27916.44538
Tuvalu,,2412.296979,2483.335316,2685.576864,2612.033919,2613.582618,2561.283274,2667.180134,2881.916117,3143.265767,2997.463453,2926.03807,3181.601723,3087.748108,3252.704324,3328.330866,3640.988199,3766.483781,3924.944604
Tanzania,179,1174.301211,1239.142615,1311.458527,1389.641977,1495.394346,1620.583573,1695.633034,1830.158435,1908.73738,1963.591505,2048.293593,2186.131582,2268.866465,2397.212999,2530.469015,2652.530219,2786.206274,2945.877987
Uganda,187,832.084437,865.787282,923.7649955,969.0099433,1027.032301,1088.685704,1200.80092,1291.034392,1382.487,1437.430969,1485.202513,1602.544811,1638.068089,1666.976794,1724.772029,1774.010819,1819.434351,1863.835106
Ukraine,188,3802.540243,4289.921231,4628.037293,5206.106632,6042.184784,6452.096195,7184.203287,8005.69176,8395.812545,7239.624226,7666.219577,8281.867126,8475.471746,8629.676994,8684.009609,7949.149002,8269.614634,8666.896534
Upper middle income,,5302.377329,5585.825379,5918.051695,6332.78997,6992.164257,7734.928762,8734.575974,9750.361053,10669.77032,10989.09699,11911.36974,13002.5153,13860.70171,14663.45604,15452.14313,15980.87956,16755.33821,17787.0398
Uruguay,190,10204.90524,10018.56449,9383.944474,9654.336694,10421.03573,11553.51551,12376.3366,13501.60281,14705.55175,15391.19699,16736.85104,17904.74583,18817.74196,19942.50405,20887.16177,21117.8016,21669.9774,22562.46183
United States,,36449.85512,37273.6181,38166.03784,39677.19835,41921.80976,44307.92058,46437.06712,48061.53766,48401.42734,47001.55535,48375.40695,49793.71352,51450.95911,52782.08651,54696.72617,56443.81724,57588.53807,59531.66196
Uzbekistan,191,1984.47012,2088.335658,2178.386398,2288.356703,2503.279375,2732.716951,2985.636057,3321.566762,3632.740121,3890.610174,4153.938846,4469.997484,4853.649706,5244.04938,5657.888043,6069.978666,6512.682131,6864.999587
St. Vincent and the Grenadines,,5988.01913,6223.981355,6709.313979,7355.446827,7856.665659,8297.089193,9195.722588,9279.215455,10081.1108,9936.444577,9714.99908,9871.648577,10193.50417,10548.69245,10840.02057,11147.28078,11413.29439,11776.84795
"Venezuela, RB",,11424.20449,11858.33389,10775.3484,9957.685837,11891.62467,13309.69764,14821.148,16276.92563,17192.91545,16507.34135,16210.28996,16981.33549,18004.46532,18281.19297,17639.88584,,,
British Virgin Islands,,,,,,,,,,,,,,,,,,,
Virgin Islands (U.S.),,,,,,,,,,,,,,,,,,,
Vietnam,193,2030.797288,2182.483468,2332.581237,2518.913144,2757.24085,3032.391019,3312.778208,3609.690184,3852.182615,4050.887095,4318.997405,4632.765965,4909.945061,5199.631431,5546.183623,5915.170833,6295.590585,6775.832191
Vanuatu,,2237.52451,2159.358801,2030.39455,2105.43081,2192.458133,2323.514575,2533.92305,2669.779208,2828.415927,2874.841509,2888.398273,2915.299885,2952.568516,2990.96474,3046.910048,2988.850538,3080.565754,3207.831231
World,,7927.720072,8203.821158,8483.068258,8847.701657,9460.357278,10079.3572,10906.45008,11674.63859,12211.95341,12178.9048,12836.84165,13555.67622,14103.44589,14692.4844,15257.4383,15710.16761,16233.95975,16961.18007
Samoa,156,3428.776564,3729.865439,3928.899468,4162.730362,4447.004781,4750.376751,4960.601363,5379.200683,5502.633675,5240.709277,5290.660663,5667.490534,5748.263641,5681.20542,5805.682924,5919.359821,6378.256567,6610.795239
Kosovo,99,3664.141594,4755.302084,4791.202189,5175.461172,5452.978386,5963.960455,6372.608187,6962.721082,7228.770099,7466.850586,7745.718188,8215.22394,8541.07527,8883.799982,9163.133397,9748.773845,10193.41105,10754.40217
"Yemen, Rep.",,3086.354758,3184.923135,3267.086857,3360.668361,3490.716181,3699.915173,3827.095134,3949.783918,4061.241035,4135.86518,4388.144757,3805.237917,3863.288722,4007.82194,3968.105553,2458.385012,1595.186065,
South Africa,167,7560.858117,7832.226555,8131.738356,8426.923614,8940.671987,9601.275306,10335.63736,11062.37448,11518.10449,11301.81985,11647.33104,12118.73786,12440.2631,12769.99515,13051.82834,13180.52924,13250.58832,13497.9878
Zambia,197,1666.884356,1746.929533,1804.284491,1916.105741,2051.607433,2210.472268,2392.690039,2589.897156,2768.423449,2961.99056,3212.941881,3361.112069,3574.05852,3701.392674,3826.626899,3862.478483,3938.663188,4050.261432
Zimbabwe,198,2047.74854,2099.841097,1921.570793,1609.629926,1540.330466,1480.264691,1452.252285,1414.274063,1167.213966,1293.38613,1445.042386,1667.137943,1905.837872,1997.052199,2028.019248,2036.319256,2027.084915,2085.676925
