CountryID,1,2,3,4,5,6,7,8,9,10,11,12,13,14,15,16,17,18
,504.7388889,516.1,527.7333333,538.9833333,548.5388889,555.7277778,560.1777778,562.3333333,563.0722222,563.6277778,564.8277778,566.9611111,569.8722222,573.2611111,576.6388889,579.6722222,582.3444444,584.8
10,30.77804736,32.11479184,33.66713078,35.32893882,36.94356983,38.4014919,39.66156603,40.76952486,41.80686671,42.89484882,44.11844346,45.50531354,47.01920473,48.6041234,50.17617866,51.67492877,53.08340532,54.42220537
14,13.18755434,13.6225764,14.09533087,14.60124248,15.13252266,15.68343788,16.25282666,16.8426141,17.45361354,18.08738831,18.74479105,19.426137,20.13006337,20.85372584,21.59337932,22.3464386,23.11178551,23.89042512
11,112.7382117,111.685146,111.3507299,110.9348905,110.4722263,109.9082847,109.2170438,108.394781,107.5662044,106.8437591,106.314635,106.0290146,105.8540511,105.660292,105.4417518,105.135146,104.9671898,104.8706934
13,139.1276596,143.2787234,149.0404255,155.706383,162.2212766,167.8021277,172.3212766,175.9212766,178.4276596,179.706383,179.6787234,178.193617,175.3851064,171.8893617,168.5595745,165.987234,164.4276596,163.7553191
,20.83321982,21.27496499,21.7282983,22.19893355,22.69275477,23.21408185,23.76510969,24.34350878,24.94329518,25.55866599,26.17270101,26.78841115,27.40589745,28.02221341,28.63455184,29.24109189,29.83924575,30.42943386
189,37.73833732,39.78507177,41.95253589,44.75995215,48.89869617,54.77944976,62.70373206,72.29745215,82.46744019,91.70326555,98.93162679,103.7377392,106.4647488,107.7304187,108.5031938,109.5012201,110.8805263,112.4419258
17,13.54097541,13.69227388,13.84496235,13.9984357,14.1516562,14.30395405,14.45501317,14.60531664,14.75592376,14.90830419,15.06341201,15.22162868,15.38235569,15.54429804,15.7056572,15.8650651,16.0220668,16.17685635
18,107.8183351,107.1533193,106.5646997,105.9995083,105.3955743,104.7158061,103.9164032,103.0226906,102.1503337,101.4606252,101.0646646,101.0038988,101.2266245,101.6336143,102.0800843,102.4569723,102.7332631,102.9311556
,287.605,290.875,293.655,295.585,296.32,295.59,293.25,289.515,285.15,281.135,278.185,276.6,276.15,276.535,277.185,277.685,277.995,278.205
,189.9636364,193.3113636,196.0590909,198.3931818,200.5840909,202.8477273,205.2295455,207.6840909,210.1772727,212.6840909,215.1386364,217.5431818,219.9477273,222.3272727,224.7159091,227.0977273,229.4613636,231.8454545
3,2.493133567,2.526977598,2.558009971,2.589771292,2.619970582,2.654777866,2.694232196,2.711115161,2.765994559,2.823594496,2.867858584,2.90798641,2.960373196,3.012886896,3.059518373,3.104641058,3.151505278,3.202027127
19,97.01581497,97.38790264,97.86821264,98.34612497,98.95817389,99.63464519,100.1288569,100.4563806,100.7713435,101.0356633,101.2874254,101.6417316,102.1148703,102.7471253,103.5633217,104.7307902,105.8694909,106.7485671
20,97.43477998,98.19379207,98.9124646,99.62372356,100.4753726,101.5225018,102.6725317,103.8533687,106.0597625,108.2912905,109.5423442,110.9763362,112.4607902,113.9234808,115.3488139,116.7310768,118.0432842,119.3088685
39,249.248676,255.2892913,262.5221573,270.759852,279.6904595,289.0688863,298.8838785,309.1734034,319.7922118,330.569743,341.3913551,352.1615265,362.9170561,373.8390187,385.1943146,397.1678349,409.8176402,423.0625
26,338.5485469,339.7149934,341.2412483,342.6728203,344.1590819,346.0573646,348.347358,350.9147952,353.6979194,356.555251,359.8278071,364.8528402,367.5114267,369.3136394,370.180218,372.3314399,374.2213342,375.5636724
28,60.88995211,62.75924973,64.69842143,66.69523767,68.73008159,70.78950869,72.87066336,74.98040972,77.12766939,79.3251685,81.58264455,83.90211068,86.2820149,88.72340369,91.22660518,93.79169918,96.41981199,99.11042923
37,42.4266886,43.65711623,44.93092105,46.25226974,47.62634868,49.0567617,50.54523757,52.09072003,53.69051901,55.34027412,57.03661184,58.77888889,60.56730994,62.40030336,64.27623173,66.19380117,68.1521674,70.15125
23,1010.841538,1030.246293,1049.402067,1067.980341,1085.561105,1101.875248,1116.755043,1130.361765,1143.165199,1155.832435,1168.849213,1182.391611,1196.335968,1210.503895,1224.593063,1238.387386,1251.836521,1265.036114
36,73.85132423,72.3957516,72.03272978,71.48411327,70.95310776,70.4986377,69.97166529,69.47185342,68.98592211,68.57445652,68.12453021,67.68909359,67.2981577,66.92257738,66.54327561,66.120035,65.65790346,65.18046242
22,936.0760563,982.4633803,1035.419718,1081.543056,1136.778082,1201.578378,1295.154054,1381.188,1466.565789,1559.248684,1628.427822,1666.58279,1688.593506,1708.325974,1733.329442,1779.319066,1848.470817,1935.906615
,29.75924076,30.28321678,30.88481518,31.54305694,32.22037962,32.89200799,33.54945055,34.1986014,34.83276723,35.45014985,36.04715285,36.62017982,37.16673327,37.68631369,38.17872128,38.64515485,39.08411588,39.4966034
,73.56847656,73.65789063,73.74623047,73.81341797,73.85326172,73.85800781,73.81773438,73.7109375,73.50779297,73.17501953,72.69695313,72.04814453,71.25390625,70.41013672,69.64847656,69.06173828,68.6878125,68.49642578
25,49.19941826,48.94768783,48.6394912,48.30029581,47.97665796,47.64539269,47.33821587,47.1215032,46.95901922,46.87291687,46.77468211,46.6865704,46.6438076,46.6512099,46.69316939,46.76761126,46.82634666,46.85759696
27,10.84239369,11.17860587,11.49522139,11.79877247,12.10385796,12.4189829,12.74647085,13.08228847,13.42240246,13.76277948,14.09943007,14.43191583,14.76111355,15.08903989,15.41841298,15.75133713,16.0874178,16.42617273
29,1236.66,1250.08,1258.24,1266.5,1274.8,1283.08,1290.46,1297.76,1305.46,1312.72,1302.48,1291.28,1295.96,1300.02,1302.78,1304.78,1306.82,1308.82
31,7.698247946,7.843049017,7.98794886,8.132945629,8.278169482,8.423713653,8.569495061,8.715447245,8.861677282,9.008352257,9.155582018,9.303372104,9.451679129,9.600539094,9.74998523,9.900032309,10.05066187,10.20179082
34,20.97208075,21.26677347,21.55396069,21.83286581,22.10281929,22.36351162,22.61417157,22.8551612,23.08875288,23.31810618,23.54546215,23.77163914,23.995887,24.21694683,24.43284427,24.64209836,24.84438703,25.04005413
24,627.5511628,629.5,631.344186,633.1581395,635.0953488,637.2302326,639.6255814,642.2093023,644.927907,647.6046512,650.1604651,652.5604651,654.8488372,656.9976744,659.0348837,660.9697674,662.7813953,664.4627907
35,63.23358634,64.53833017,65.81916509,67.05673624,68.22068311,69.28994307,70.25616698,71.1316888,71.96432638,72.82201139,73.74990512,74.76527514,75.85351044,76.98595825,78.12220114,79.22998102,80.3028463,81.34667932
30,14.40743719,14.81407035,15.23615578,15.66417085,16.79780675,17.22693286,17.63591049,18.02235223,18.38943254,18.7438151,19.08967128,19.42728966,19.75409922,20.06876197,20.37012357,20.65708214,20.92937534,21.18765905
33,3.049670919,3.096598027,3.140742505,3.183771814,3.22786865,3.274666949,3.324754292,3.378000106,3.434353219,3.49351896,3.555248531,3.619605456,3.686614437,3.755769061,3.826465866,3.898147266,3.970603286,4.043655709
44,6.027458345,6.151406145,6.272451764,6.391320749,6.509094995,6.626071463,6.744611384,6.863462711,6.975161321,7.069617002,7.140718803,7.185066936,7.207961732,7.222788854,7.248052907,7.297345019,7.375230344,7.478699156
2,3.383698924,3.418031101,3.448833289,3.48336341,3.518443373,3.5533034,3.581730817,3.61663736,3.655989052,3.698084788,3.739510266,3.776625307,3.821466628,3.865654736,3.907770267,3.940449068,3.987965483,4.03673422
,98.1102272,97.56257285,97.07321444,96.76705376,96.48599103,96.23412787,95.98979929,95.63968051,95.29846047,95.03029304,94.68209293,94.34498842,94.14499199,93.94333711,93.74857696,93.53243543,93.29400549,93.0519341
176,181.7693047,182.9277636,184.3214665,185.6987677,186.9844383,188.1956324,189.385176,191.0901154,193.5336319,195.9669754,198.0187519,200.2327665,202.3702045,204.7106489,207.2236309,209.5960117,211.8974086,214.2427624
,782.7631579,788.3842105,794.2157895,800.2,806.1578947,812.0736842,817.9526316,823.7526316,829.3736842,834.7526316,839.9,844.7210526,849.2526316,853.5789474,857.7315789,861.8842105,866.0052632,870.0736842
46,20.52736668,20.77243347,21.01272709,21.24931005,21.48364563,21.71670352,21.94901094,22.18019803,22.40917943,22.63445554,22.85490604,23.0700992,23.28043178,23.48652378,23.68936105,23.88959856,24.08740175,24.28237924
47,134.492481,135.4730488,136.3837796,137.2359193,138.0534367,138.8677661,139.6453429,140.3765881,141.0977052,141.8012441,142.4877434,143.1721123,143.8713936,144.5834568,145.317356,146.0576461,146.850662,147.674035
,52.47346226,53.58538365,54.61168868,55.59545597,56.59666038,57.66133019,58.80325472,60.01868239,61.31442138,62.69297484,64.15512893,65.70852516,67.35409748,69.07645283,70.85330189,72.66815094,74.51546855,76.39858491
41,32.31206025,33.15336464,34.02696368,34.93436145,35.8762899,36.85302828,37.86584164,38.91474477,39.99705528,41.10880032,42.24682152,43.41022403,44.59897823,45.81184024,47.04766982,48.30556155,49.58471156,50.88474329
,20.76548246,21.34683311,21.98264529,22.66823978,23.39349242,24.15097858,24.94122803,25.76809598,26.63091154,27.52891864,28.46133213,29.42749256,30.42662579,31.45763569,32.51929159,33.61047132,34.73066452,35.87922101
,9.445759883,9.709534407,9.977101025,10.25627818,10.55765447,10.88797365,11.25143485,11.64347291,12.05105417,12.45596486,12.8453675,13.21443631,13.56768082,13.91330307,14.26383895,14.62854466,15.00972474,15.40483163
48,36.41636593,36.9435863,37.46957278,37.99202434,38.50758269,39.01364038,39.50943849,39.99510771,40.4700712,40.93391708,41.38629743,41.82663001,42.25459667,42.67055521,43.07517891,43.46885714,43.85166201,44.22317711
49,291.4331005,298.7039226,306.0069855,313.3858141,320.9177861,328.6550242,336.6066631,344.7716282,353.1590543,361.7689414,370.6029017,379.6716819,388.9672219,398.441698,408.0521225,417.7452982,427.5126276,437.3519613
,107.9600496,110.1032258,112.1851117,114.180397,116.0456576,117.7585608,119.3039702,120.7042184,122.0156328,123.3158809,124.6610422,126.0712159,127.5382134,129.0585608,130.6295285,132.2364764,133.8858561,135.5801489
51,76.87902468,78.27649824,79.57704661,80.80632589,82.00231101,83.19312573,84.38687818,85.57518606,86.75103799,87.90174305,89.01840971,90.09937329,91.15005875,92.17393263,93.1761653,94.1608304,95.12875049,96.07851547
,16.13113746,16.24605656,16.36110164,16.47591948,16.5897814,16.70231444,16.81323453,16.92286279,17.0317772,17.14100037,17.25107077,17.36204026,17.47345684,17.58401383,17.69217982,17.79658639,17.89668272,17.99257503
53,103.8243575,104.1577467,105.442222,105.6850094,105.8823513,106.0151541,106.1376773,106.1977358,106.2547351,106.3378617,106.4736095,106.2542788,106.9258142,109.5007388,109.9766103,110.1848875,110.3247645,110.40796
,301.4864865,290.6463964,291.0022523,297.0653153,302.2342342,310.0405405,318.1058559,324.4504505,328.5585586,330.704955,334.9166667,339.7094595,342.5405405,346.4459459,351.1463964,355.8108108,359.6013514,362.6441441
43,173.6958333,180.4833333,186.4083333,191.7833333,197.0791667,202.5916667,208.4625,214.5125,220.525,226.1625,231.2791667,235.7458333,239.6791667,243.2125,246.55,249.8458333,253.1875,256.4958333
54,102.0872294,103.9266234,105.7322511,107.5284632,109.3517316,111.2183983,113.1503247,115.1203463,117.0522727,118.8393939,120.412013,121.7353896,122.8422078,123.7982684,124.7087662,125.6477273,126.6369048,127.6570346
55,132.7172641,132.2195548,131.964747,131.9269833,131.9842221,132.1669169,132.5424595,133.3181618,134.4285178,135.1965825,135.6086225,135.8892802,136.0971773,136.1423281,136.3210335,136.5716006,136.8518586,137.1755343
75,235.5968133,236.0273001,236.4515708,236.6164273,236.5921954,236.4646806,236.2251979,235.9433619,235.5221782,234.9396374,234.6069082,230.3046333,230.7506255,231.1557126,232.1080539,234.1536581,236.0237002,237.0163371
58,30.95703192,31.60962036,32.19245039,32.72713546,33.25073339,33.79007765,34.34892148,34.91811907,35.50189819,36.10181191,36.71898188,37.35707506,38.01488352,38.68369284,39.35133736,40.0092321,40.65284728,41.28494392
59,92.90133333,92.89333333,93.09866667,93.45733333,93.83866667,94.16933333,94.40933333,94.6,94.76533333,94.972,95.25333333,95.624,96.05866667,96.53333333,97.03733333,97.54933333,98.05733333,98.56666667
57,125.8452981,126.2970304,126.7011784,127.046288,127.3750412,127.72642,128.1468772,128.7164271,129.4749234,130.1695734,130.7490691,131.2885223,133.1643725,133.7206954,134.4004525,135.3532508,135.5357058,136.519876
60,177.2432623,180.0274477,182.8251915,185.6294763,188.4288553,191.2143656,193.9833989,196.7367626,199.472573,202.1891534,204.8848065,207.557338,210.2038915,212.8192093,215.397309,217.9340509,220.4262265,222.8730698
12,13.0928061,13.26431642,13.43347553,13.60497535,13.78450041,13.97652011,14.18203288,14.40126798,14.63665849,14.89069336,15.16439116,15.45910049,15.77243822,16.0968712,16.42215901,16.740504,17.04889491,17.34787368
,114.1037245,115.1765989,116.2072009,117.1972201,118.157942,119.1100406,120.0319501,120.9209364,121.8044945,122.6808267,123.5560527,124.4401087,125.3427886,126.2558754,127.1773632,128.0931748,129.028749,129.9719259
,74.73745821,76.05886768,77.37141729,78.67822095,79.98745229,81.29408965,82.6024302,83.91358506,85.22859487,86.54536201,87.87356312,89.20226029,90.52131497,91.83941354,93.15763822,94.46676859,95.76793989,97.05976154
,83.9431404,84.69536721,85.41184085,86.0938191,86.75074317,87.39898374,88.04088448,88.65869251,89.28715572,89.89917386,90.50562726,91.11154822,91.73275576,92.3570191,92.98985026,93.61980412,94.2602561,94.9015075
,17.35154967,17.34288056,17.32999964,17.33636834,17.35141203,17.36909543,17.39592246,17.42652823,17.47347475,17.55034931,17.63911167,17.73575523,17.83301125,17.94046658,18.047495,18.15797397,18.26689636,18.3690647
,31.41460983,31.46403223,31.52244206,31.60420899,31.69789823,31.79383428,31.89651257,32.01064165,32.13985559,32.27102805,32.39415024,32.47018336,32.60461408,32.75733489,32.91341207,33.07023081,33.2251584,33.36581193
61,50.84794653,51.7505033,52.63351586,53.50942583,54.39542197,55.30372443,56.23884684,57.19702448,58.17185537,59.15314463,60.13323402,61.11030359,62.08594782,63.05986069,64.03250121,65.00389757,65.97305524,66.93854888
,70.22551409,71.55250389,72.9219127,74.32009845,75.72645437,77.12908634,78.51629715,79.90080165,81.32390477,82.84195289,84.4920448,86.29018133,88.21463358,90.21792456,92.23222261,94.206813,96.12605455,97.99904666
,119.9913462,120.4771757,121.0446815,121.6812844,122.3694511,123.0099467,123.615045,124.2557401,124.8898697,125.3001678,125.5315786,125.2718357,125.5391847,125.9522814,126.3791622,126.7778321,127.1823506,127.4989065
65,33.59208911,34.6249901,35.78850495,37.01252475,38.20418812,39.29709901,40.26384158,41.12209901,41.90728713,42.67657426,43.47366337,44.30386139,,,,,,
170,81.29832465,81.94337639,83.02251924,84.50881393,85.98480508,87.4654972,88.97614934,90.61490052,92.12932237,92.97506517,93.15193096,93.50783588,93.50683713,93.2009456,92.92273645,92.84621197,92.92909378,93.10495192
66,32.95553197,32.7462845,32.53951404,32.33592828,32.14319415,31.95977825,31.77188016,31.62727058,31.5425808,31.48183534,31.41012031,31.31490918,31.20301958,31.09216796,31.01073366,31.03106865,31.0401038,31.03279075
67,66.537331,68.492257,70.497192,72.545144,74.624405,76.727083,78.850689,81.000409,83.184892,85.416253,87.70267,90.046756,92.444183,94.887724,97.366774,99.873033,102.403196,104.957438
,115.0845932,115.3292841,115.6528137,116.0670578,116.5355938,117.0040341,117.4606756,117.9204162,118.3821591,118.7126666,118.9351566,118.8435206,119.1969135,119.5430348,119.9152777,120.2746469,120.6213468,120.9144727
,22.04627208,22.60567192,23.18738979,23.78839428,24.40280799,25.02652758,25.65982002,26.30390086,26.95962414,27.63100068,28.30779017,28.99549011,29.69469511,30.40656987,31.13112362,31.87022716,32.6269315,33.39952382
69,16.99402147,17.03275879,17.07409304,17.11485604,17.16462129,17.22346761,17.31698399,17.39195633,17.48403751,17.56785456,17.64841066,17.73099477,17.81556155,17.89783145,17.97200303,18.03011089,18.08319787,18.1358485
68,44.40191571,44.56584565,44.64646962,44.69775588,44.7922277,44.9817734,45.2879584,45.69304871,46.15982485,46.6320197,47.06896552,47.45955118,47.81587302,48.15079365,48.48418172,48.83136289,49.19321292,49.56223317
70,111.2420946,112.0546527,112.8725197,113.6131324,114.5154748,115.3840623,116.191339,116.9124438,117.5676487,118.1740787,118.7593383,119.3351103,119.914071,120.5329491,121.1126732,121.619057,122.1055854,122.5783763
,33.85243553,34.04441261,34.21848138,34.36532951,34.48638968,34.58810888,34.65830946,34.70487106,34.73137536,34.75429799,34.77793696,34.81948424,34.86103152,34.91905444,34.98710602,35.0752149,35.18409742,35.30802292
,153.4742857,153.0928571,152.8328571,152.5942857,152.2528571,151.7085714,150.9771429,150.1114286,149.2542857,148.5142857,148.0228571,147.8114286,147.8614286,148.1457143,148.5928571,149.19,149.91,150.7771429
72,4.777901968,4.898742578,5.023514573,5.154445609,5.294388171,5.445437963,5.607342725,5.779458222,5.962708115,6.158085924,6.365545077,6.586335235,6.818089029,7.052706951,7.279516436,7.490879808,7.683416773,7.859420965
,243.4279089,244.366854,245.4035423,246.5489067,247.9556277,249.6639772,251.5058901,253.4719258,255.4747034,257.4144174,259.4401893,261.4761212,263.3005415,265.0693424,267.0737817,269.2053941,271.134481,272.8982474
74,77.29976556,76.74166346,76.22729977,75.2475594,74.26781903,73.30557402,72.36082438,71.41607474,70.50631583,69.59655691,68.686798,67.79453445,66.91976626,66.06249344,65.20522062,65.03201652,65.07050632,65.03201652
76,83.23267118,85.35468489,87.56492045,89.86016525,92.23229322,94.67350356,97.1847807,99.76361079,102.3936011,105.0533137,107.7265712,110.4060649,113.0924189,115.7873385,118.495926,121.2218555,123.9638217,126.7189461
,3118,3137.4,3154.4,3172,3189.6,3208.5,3229.6,3251,3273.2,3295.6,3318.9,3340.5,3362.3,3383.1,3403.8,3422.8,3440.8,3457.1
81,35.84790005,36.50960036,37.1860044,37.88803516,38.62212681,39.39339492,40.21417874,41.09037522,42.01181019,42.96159857,43.92874003,44.90953117,45.91188751,46.95024825,48.04455885,49.20858294,50.44735471,51.75474524
,121.7237154,125.5429842,129.5799407,133.8136364,138.198913,142.7079051,147.3340909,152.0865613,156.9735178,162.0118577,167.2083992,172.5655138,178.0755929,183.727668,189.5110672,195.4140316,201.4329051,207.5660079
82,44.21155761,45.07510669,46.00010669,46.9844239,48.0208037,49.10519203,50.23716216,51.42098151,52.66148649,53.96330014,55.33001422,56.76223329,58.25529872,59.79711949,61.37069701,62.96322902,64.56963016,66.19071835
64,21.90099822,22.80791444,23.75782531,24.76331551,25.84017825,26.99882353,28.2430303,29.56602496,30.95964349,32.41037433,33.90745098,35.44705882,37.02648841,38.63622103,40.26467023,41.90335116,43.54688057,45.19390374
77,83.83093871,84.2678976,84.5773623,84.77944143,84.98945694,85.23905353,85.49543832,85.71352211,85.94135764,86.16770365,86.27882855,86.1512723,85.68666408,85.06757952,84.50281614,83.94788984,83.5994647,83.47882855
78,298.8794118,299.5558824,300.2941176,301.1029412,301.9294118,302.7911765,303.7029412,304.6647059,305.6764706,306.7529412,307.8735294,309.0441176,310.2382353,311.4970588,312.8235294,314.1852941,315.6382353,317.1323529
,0.13692289,0.137288342,0.137919357,0.138299427,0.138655135,0.138713607,0.138321355,0.137787794,0.137234742,0.137222561,0.138640517,0.138603971,0.138409063,0.137612377,0.137154343,0.136713363,0.136888781,0.136852235
80,108.7228723,111.2816909,113.931019,116.6524636,119.4188596,122.2100411,125.0187383,127.8488802,130.7051698,133.5965659,136.5287141,139.5009239,142.5070549,145.5413774,148.5961086,151.6650709,154.7449515,157.8341079
,287.6462963,289.6314815,291.0648148,292.062963,292.7759259,293.337037,293.7925926,294.1759259,294.5092593,294.8722222,295.2666667,295.7,296.2462963,296.9907407,298.087037,299.6240741,301.6592593,304.1277778
83,3.826776734,3.821503683,3.819578359,3.819441199,3.818399797,3.81481331,3.807980696,3.799182118,3.791282703,3.788128016,3.792512065,3.805435611,3.825709931,3.851059182,3.878044196,3.904058928,3.928387097,3.951531623
,29.41985309,29.62122917,29.82303781,30.02463071,30.23637593,30.45240435,30.68383062,30.92775842,31.19880611,31.43110055,31.64088002,31.79534124,31.99393798,32.19152667,32.39365048,32.59167284,32.78739626,32.97028363
,6347.619048,6394.571429,6422.952381,6410.285714,6460.47619,6488.761905,6530.571429,6586.952381,6626.47619,6640.761905,6689.714286,6734.857143,6809.619048,6837.047619,6885.238095,6944.095238,6987.238095,7039.714286
85,58.30979533,59.81822325,61.3384306,62.86371436,64.38603092,65.89891858,67.40017875,68.88883725,70.36069354,71.81178836,73.23959246,74.64116543,76.01792832,77.37764769,78.73103941,80.08605774,81.44487443,82.80513898
,24.04271842,24.73207791,25.44878158,26.18999934,26.95099834,27.72853075,28.52182912,29.33275831,30.16377475,31.01837989,31.8978687,32.80487336,33.73808367,34.6954802,35.67465837,36.67376952,37.69227303,38.73046695
52,79.16294044,79.41334287,79.41334287,79.41334287,79.32451751,79.37812723,79.34238742,79.27090779,79.24424589,79.14721229,78.94533595,76.49431737,76.2608649,76.04876698,75.73961758,75.11801287,74.59522873,73.72587563
84,310.203193,315.4051887,320.5636067,325.709434,330.8845428,336.1177068,341.4171626,346.7666546,352.141836,357.5061684,362.8308055,368.10791,373.3385341,378.5114659,383.616328,388.6451742,393.5897678,398.4480769
86,113.9362977,113.6752511,113.3520196,113.0278063,112.7777951,112.5662872,112.3911394,112.2171633,112.0208459,110.7108141,110.4608748,110.1483155,109.5809345,109.2795979,108.985618,108.7266983,108.4063073,108.042936
,57.43012841,58.0940317,58.74365977,59.38757789,60.02667871,60.66525875,61.30203198,61.92927989,62.56004204,63.20062364,63.83570469,64.47582761,65.1258718,65.77911283,66.42943192,67.0735374,67.71502071,68.34951296
,52.98789959,53.74458573,54.49623225,55.24916464,56.00473057,56.76378524,57.526471,58.28823142,59.05882606,59.84281297,60.63226009,61.43188162,62.24212548,63.06169888,63.88657947,64.71266268,65.54346778,66.37529967
,41.2743014,42.2757891,43.29671908,44.33707866,45.39894129,46.4756554,47.57095763,48.68747485,49.82682632,50.98926153,52.18591254,53.40615275,54.63876227,55.8968797,57.18171267,58.48762605,59.81762497,61.16979225
,60.80809005,62.18843309,63.58594704,65.00688805,66.46283292,67.96185801,69.50777172,71.10748288,72.76280099,74.47168293,76.28575295,78.1468683,79.99864017,81.89618259,83.83143058,85.79264155,87.7737118,89.77191829
9,116.7718769,118.4091711,120.0660527,121.7425846,123.4369354,125.1470989,126.8723825,128.6117241,130.361662,132.1177089,133.8751045,135.6323581,137.3853795,139.1236679,140.8342576,142.5073903,144.1376574,145.7251881
,35.58446433,36.47559838,37.3868363,38.31629346,39.26280712,40.21646861,41.18055565,42.15633312,43.14531022,44.14855578,45.16561999,46.19927381,47.25146044,48.32326448,49.41819701,50.53321107,51.67354184,52.83750693
,127.2877193,128.4070175,129.5964912,130.854386,132.177193,133.5403509,134.9368421,136.3631579,137.7789474,139.1666667,140.477193,141.6824561,142.8175439,143.8824561,144.8947368,145.9070175,146.9070175,147.8719298
88,354.1821787,360.3798799,366.5447254,372.673071,378.7634753,384.8118264,390.8185212,396.7729069,402.6472933,408.4065035,414.0269176,419.494223,424.8184112,430.030441,435.1754493,440.286016,445.3705797,450.4186167
,,,,,,,,,,,,,,,,,,
,55.23550588,56.12197706,57.07572942,58.01307882,59.08349543,60.38487444,62.03499782,63.85457976,65.16974888,65.83502685,66.19473073,66.484018,66.76633764,67.11882712,67.61126433,68.25311366,69.0279431,69.87382784
,40.60257742,41.19478253,41.73931703,42.24852833,42.74239299,43.23645657,43.73135391,44.22450392,44.72454014,45.24151195,45.78176711,46.34911344,46.93974189,47.54253788,48.14158747,48.72448181,49.28745058,49.83102974
90,53.87981114,55.44881679,57.0210554,58.5948419,60.17012827,61.75189428,63.3283307,64.91170634,66.56015959,68.83093572,70.82957497,73.04994704,75.46640956,78.01424065,80.59974213,83.15446906,85.65705471,88.12538681
87,2.805037406,2.842573566,2.86805985,2.887990025,2.913456359,2.95994015,3.030244389,3.107890274,3.166224439,3.177047382,3.172478803,3.182184539,3.199162095,3.229566085,3.265695761,3.299900249,3.346024938,3.404329177
,290.6192237,297.5508318,303.6044362,309.1358595,314.6487985,320.2449168,325.9565619,331.797597,337.7449168,345.9149723,352.2920518,358.8632163,365.5499076,372.435305,379.6534196,387.2504621,394.9168207,402.6062847
92,193.608201,193.7169766,194.0056679,194.8500816,196.115207,197.0812674,197.6745053,198.6751547,199.9956857,200.9089719,201.5279017,201.8747841,202.4196539,204.7798599,206.6673693,206.4682872,206.1178282,205.8591691
94,245.3244691,247.1847645,248.8869806,250.4626962,251.9646353,253.43241,254.8734072,256.2758079,257.6289935,258.9180055,260.1301939,261.2643583,262.3261311,263.3247461,264.2739612,265.1831948,266.0530933,266.8789474
96,57.83238894,58.85632366,59.92166818,61.16017679,62.73339755,64.75647099,67.25104261,70.18575476,73.54739347,76.8316738,80.90099121,85.32262897,90.02672899,94.76756026,99.22624465,103.1685289,106.5082451,109.2853458
95,347.9917695,348.8312757,349.6433471,350.3923182,350.5102881,350.5432099,350.7654321,351.1687243,351.3388203,351.2949246,351.309834,350.654908,350.0905201,349.5858021,349.1222295,348.7519201,348.350096,347.7775867
97,5.513066637,5.503698559,5.503925621,5.522472127,5.560982702,5.610634145,5.670290773,5.735523206,5.805830277,5.960966774,6.045809534,6.132978109,6.219983331,6.310164092,6.40378005,6.498057562,6.591123088,6.681352002
98,55.25966019,56.7900376,58.3582405,59.96916752,61.62794919,63.33817338,65.10182029,66.91834874,68.78521278,70.69825351,72.65374425,74.65094529,76.68873915,78.76242928,80.86630706,82.99585164,85.14876305,87.32449309
,25.53910323,25.78258603,26.02033368,26.29457769,26.61470282,26.91657977,27.20750782,27.46819604,27.73044838,28.06725756,28.40406674,28.75182482,29.2346194,29.82064651,30.42492179,31.05787278,31.69708029,32.33315954
40,68.844063,70.26100725,71.57675617,72.81398142,74.00508158,75.17675617,76.33406413,77.47956605,78.63420009,79.82216179,81.06016315,82.35829368,83.7121346,85.10475867,86.5102538,87.90865058,89.29509404,90.67172558
,104.2049383,105.9975309,107.8308642,109.7469136,111.7802469,113.9814815,116.3703704,118.9024691,121.5308642,124.1580247,126.7308642,129.2049383,131.6209877,133.9938272,136.3679012,138.7740741,141.2283951,143.7012346
,174.5153846,176.8846154,179.3884615,181.9461538,184.5038462,186.9653846,189.2692308,191.4730769,193.5846154,195.7153846,197.8653846,200.0230769,202.2730769,204.4961538,206.6884615,208.8,210.85,212.8653846
,487.3326871,489.6647095,492.2485381,494.7554752,496.6176307,497.5174084,499.9823699,502.3074494,505.5622797,507.8046859,509.658665,513.5929034,515.6636158,517.399842,520.5853406,523.3375769,525.7048318,527.9667727
100,115.0808642,118.3700898,120.3048822,121.7237935,123.9023008,127.7566218,133.4039282,140.483165,148.8406285,158.1896184,168.2425926,179.0713244,190.5474747,201.9295735,212.2586981,220.8638608,227.4177329,232.1283951
,28.24017176,28.64919856,29.05123168,29.44585056,29.83926899,30.23462676,30.63298708,31.03324577,31.43426863,31.83405714,32.23099291,32.62394334,33.01545355,33.40658759,33.78834006,34.16347204,34.53178727,34.89303941
,23.09057192,23.46,23.81834055,24.17528596,24.54334922,24.93078856,25.34383016,25.77897314,26.22266031,26.65526863,27.06357886,27.44145147,27.79535962,28.13932842,28.49392114,28.87334055,29.28229203,29.71473137
104,316.2625611,328.4319648,344.3633431,361.8244379,377.640958,389.7216031,396.6129032,399.459042,401.8618768,408.9106549,423.9629521,448.5208211,480.5869013,515.7479961,547.7301075,571.9920821,587.1620723,594.5608016
106,29.9472799,31.0541113,31.79882683,32.35291736,32.9777201,33.85828488,35.04815199,36.4714701,38.02941238,39.57151163,40.98966985,42.25671719,43.41323713,44.50052949,45.5848941,46.7153343,47.9009863,49.12693106
107,3.043835889,3.092038828,3.141454585,3.191716017,3.242187731,3.292160451,3.342598065,3.393137979,3.440147993,3.478780249,3.506109551,3.519954647,3.522658195,3.521357855,3.525982927,3.543514214,3.576646737,3.6228878
,257.2934426,259.7770492,261.9065574,263.8901639,265.9852459,268.3836066,271.1590164,274.242623,277.4098361,280.3639344,282.9180328,284.9704918,286.6147541,287.9672131,289.2147541,290.5016393,291.8278689,293.1868852
,26.18549838,26.55188822,26.91244347,27.26702083,27.62049065,27.97525164,28.33190838,28.68978059,29.048303,29.40603068,29.76174711,30.11330568,30.46373679,30.81382637,31.15545641,31.49115134,31.82056463,32.14361759
,33.00922146,33.8596429,34.73494272,35.62929122,36.53741408,37.44731491,38.35935066,39.2773669,40.2089912,41.16353879,42.14726886,43.16490275,44.21418796,45.29038903,46.38769012,47.50189699,48.63189576,49.77883769
,32.71500076,33.61759883,34.55113465,35.51582598,36.50952195,37.53122829,38.58236289,39.6628506,40.76697866,41.88719334,43.01638976,44.155863,45.30785745,46.47750468,47.67728611,48.90589988,50.16806078,51.46271221
108,208.0375,210.44375,212.6125,214.50625,216.225,217.825,219.34375,220.7625,222.13125,223.5375,225.01875,226.65,228.40625,230.2125,232.04375,233.76875,235.4125,237.0125
171,299.5046723,301.5955031,303.9276033,306.4153564,308.922628,311.3468027,313.6684899,315.9111625,318.0646149,320.1257535,322.0914208,323.951794,325.7056291,328.2570563,331.2230904,334.3326423,338.1119439,341.9550311
,103.2586292,105.0608241,106.8697923,108.6829372,110.5033399,112.3130096,114.1203856,115.9294401,117.7464096,119.575758,121.4354998,123.310695,125.1879772,127.0786851,128.9681433,130.8609052,132.7506673,134.6332814
,54.50075818,55.28540615,56.06567623,56.8467139,57.63045551,58.41738728,59.20807142,59.99752926,60.79587683,61.60802646,62.42738197,63.25716187,64.09754277,64.94921585,65.80517533,66.66239887,67.52440473,68.38750124
105,61.55135046,62.11972991,62.65849802,63.17842556,63.69328063,64.21419631,64.74512516,65.29272069,65.87384717,66.50886034,67.21182477,67.98965744,68.83820817,69.74179842,70.6780303,71.62862319,72.58962451,73.56189065
,45.96713332,46.30034773,46.61289887,46.91784267,47.21905808,47.5229976,47.82756252,48.12135523,48.41999347,48.72550744,49.01958743,49.31729943,49.62240573,49.93112333,50.24066178,50.54542159,50.85433308,51.16104894
109,55.83178047,55.373612,54.93087109,54.48648692,53.87803127,53.00778558,52.1682993,51.55223357,51.02881532,50.46535301,49.4181412,48.31533012,47.67165013,47.19088951,46.80553871,46.37023912,45.78181963,45.13521149
110,168.4555985,170.472973,172.2683398,174.3745174,176.8706564,179.5976834,182.4853282,185.3254826,188.6679537,192.1942085,195.734749,200.1339768,204.9984556,209.7915058,214.7949807,219.9243243,224.7158301,231.4474903
103,38.06595279,37.57749695,37.14343366,36.78620812,36.38693807,35.9958679,35.66719725,35.37727507,35.00742813,34.44305243,33.70107648,33.1142926,32.71661306,32.36287184,32.06468318,31.80326472,31.51394339,31.21164362
,21398.95,16849.26923,16625.77778,17042.48148,16837.60714,17234.25,17248.95105,17254.21233,17614.65753,17807.22034,18079.76431,18375.88629,18813.74582,19004.65347,19431.71617,19767.82895,20203.53135,20546.76568
,521.7647059,510.6985294,504.5955882,502.9963235,505.7720588,512.9779412,522.3161765,531.3419118,540,548.1617647,555.7904412,562.7757353,569.0992647,574.7058824,579.5955882,583.7132353,587.2977941,590.5330882
127,64.64176787,65.38613489,66.12674882,66.86967735,67.62107327,68.38689222,69.16725521,69.96612368,70.79734484,71.67801255,72.61850549,73.62496751,74.68919785,75.78930988,76.89464934,77.98190007,79.04276496,80.07972216
123,16041,16180,16314.5,16466.5,16657,16896.5,17204,17555.5,17926.5,18267,18547,18748.5,18891.5,18985.5,19066,19153.5,19249.5,19347.5
,126.7399798,126.4568722,126.1643626,125.8534155,125.4986593,125.1501027,124.802764,124.513872,124.2770912,124.1203049,124.1693101,124.0975355,124.0380179,123.9184455,123.8860557,123.806319,123.7312851,123.6545094
112,27.11216081,27.96184613,28.82882863,29.71272999,30.61353819,31.53132029,32.46598342,33.41734532,34.3853716,35.37008804,36.3717715,37.37390146,38.40970273,39.46570299,40.54623754,41.65364043,42.78884668,43.95134926
114,934.6133333,956.7566667,981.1366667,1007.363333,1034.743333,1062.786667,1091.236667,1120.233333,1150.18,1181.67,1215.036667,1250.436667,1287.343333,1324.656667,1360.823333,1394.676667,1425.853333,1454.433333
,28.21728125,28.75711742,29.29926291,29.85437263,30.43489043,31.04966228,31.7018317,32.38767343,33.09976581,33.83631227,34.56465225,35.29416485,36.02480725,36.75191768,37.47075287,38.17782876,38.86872672,39.54372044
121,52.32628051,53.01940276,53.68224903,54.34319453,55.04029579,55.79990638,56.63333831,57.53046426,58.46951259,59.41779778,60.35080172,61.26187248,62.15607757,63.03452712,63.90164356,64.76038427,65.60890095,66.44372335
,289.7722222,289.9055556,289.7666667,289.5333333,289.3,289.1944444,289.3222222,289.65,290.1,290.6666667,291.25,291.9,292.5722222,293.2944444,293.8777778,294.4111111,294.8111111,295.15
,58.49496912,59.25803693,60.01034546,60.75767616,61.50299224,62.2468756,62.98999411,63.72610529,64.468436,65.2242146,65.98692887,66.75995421,67.54322228,68.33668498,69.1293258,69.91844687,70.70707522,71.49103657
,80.0164766,80.33197011,80.57129375,80.74817145,80.89056233,81.01738105,81.13035785,81.86516052,81.9412604,82.04175258,82.10701824,82.1722046,82.23774782,82.30527359,82.37490087,82.44678826,82.522046,82.59952419
115,8.988509986,9.255327449,9.538620215,9.83873659,10.15571837,10.48915579,10.84016751,11.20776764,11.58689712,11.97075619,12.35470296,12.73653202,13.11817832,13.50430507,13.9018071,14.31572542,14.74756964,15.19597768
116,1219.021875,1228.2125,1237.403125,1245.56875,1253.9625,1261.98125,1266.5875,1271.0125,1279.309375,1288.990625,1295.3375,1300.8375,1312.5875,1331.146875,1357.99375,1390.790625,1422.9875,1454.0375
,70.53196744,71.34680968,72.13058114,72.87219451,73.57244498,74.20505388,74.74937488,75.24113417,75.73701918,76.22943518,76.77784649,77.38222076,78.06248794,78.77778526,79.50661787,80.24081123,80.9781696,81.72139554
,32.50315134,33.08862914,33.6711038,34.25764697,34.85512562,35.47024421,36.10445268,36.7571162,37.42927289,38.12960044,38.8347047,39.55687618,40.29445834,41.04033708,41.78524443,42.52255522,43.24810812,43.96359544
125,44.97769517,45.15903346,45.34037175,45.52171004,45.60245353,45.66996283,45.7267658,45.78996283,45.87130112,45.96981413,46.05412639,46.10252788,46.14133829,46.18639405,46.23122677,46.25717472,46.26788104,46.28037175
124,1.543188548,1.557568423,1.572941502,1.589437164,1.607168053,1.626230078,1.646548572,1.668213651,1.691682973,1.717531991,1.746086408,1.777540616,1.811469142,1.846795103,1.882061845,1.916164809,1.948684312,1.979741368
,150.2043478,150.8434783,149.4847826,146.5695652,142.7456522,138.573913,134.1043478,129.376087,124.85,121.0304348,118.3130435,116.926087,116.7782609,117.4695652,118.4086957,119.1652174,119.6152174,119.8782609
128,22.97577126,23.63839111,24.338943,25.07260866,25.83064803,26.60681859,27.40082784,28.21585875,29.05307612,29.91437091,30.80114576,31.71368168,32.65165187,33.61526488,34.60462118,35.61979069,36.6609985,37.72836796
118,2.628659164,2.707605511,2.78764723,2.869037547,2.952190744,3.037469681,3.124723974,3.213995343,3.306045406,3.401851169,3.502030659,3.606938974,3.7161531,3.828631027,3.942873775,4.057767537,4.172909673,4.288526244
119,584.6665025,589.3039409,593.4093596,597.7192118,601.4793103,605.0512315,607.879803,610.6551724,612.8674877,614.4970443,615.9605911,616.9477833,618.6610837,620.0261084,621.1497537,621.9729064,622.4004926,622.962069
113,120.6636826,124.0545503,127.4258697,130.8515804,134.4509758,138.3083475,142.4401994,146.8070535,151.3707467,156.0734196,160.8728787,165.7575095,170.7393403,175.8288821,181.0441027,186.3980378,191.8919707,197.5191345
8,70.56949627,72.13181251,73.6533587,75.14443159,76.62185056,78.09889819,79.5725643,81.04046568,82.5173307,84.02186273,85.56472074,87.15607366,88.78543905,90.4176655,92.00431289,93.51135291,94.92395374,96.25403744
,17.14520484,17.31608038,17.47694966,17.63017231,17.7954257,17.96133287,18.13236026,18.30595651,18.49708799,18.66488182,18.82622639,18.97110923,19.12225193,19.26715977,19.41907792,19.56789553,19.72130225,19.87243569
129,2.306911295,2.348620778,2.383299931,2.412922542,2.440486341,2.468384166,2.496974335,2.526345516,2.55848486,2.595731759,2.63961666,2.691179293,2.749862138,2.813735136,2.879898942,2.946180568,3.01195569,3.077644572
,11.66466083,11.88862144,12.11652079,12.32472648,12.51367615,12.70514223,12.89660832,13.0880744,13.27954048,13.45459519,13.66247265,13.91411379,14.16849015,14.42286652,14.66356674,14.90153173,15.1285558,15.34245077
133,8.962637562,9.293420699,9.636063788,9.992002842,10.36315781,10.75112418,11.15659904,11.57996211,12.02220336,12.48433962,12.96722034,13.47172653,13.99829004,14.54675298,15.11661719,15.7077169,16.32034973,16.95535486
134,134.3390856,137.7553433,141.2724508,144.902152,148.6584055,152.5516629,156.5862885,160.7617994,165.0772314,169.5292785,174.1144976,178.8344763,183.6877411,188.6637713,193.7486984,198.9324901,204.2114255,209.5878334
132,41.77161376,42.38615589,42.97601795,43.5505983,44.12251122,44.70108027,45.29010304,45.88753532,46.48916404,47.08809207,47.67926708,48.26175835,48.83752701,49.40790261,49.9750457,50.54042712,51.10460362,51.66678577
131,471.7272808,475.3015403,478.3450533,480.6072867,482.2801836,483.4084123,484.1854562,485.2398104,487.1324941,490.0796917,492.5998814,495.0496441,496.8849941,498.7958445,500.5938854,502.8175423,505.500564,508.5441971
136,12.29576586,12.3581459,12.42497228,12.49806294,12.57213651,12.65805418,12.76041287,12.89313475,13.05483169,13.22051226,13.38622568,13.56100152,13.74029213,13.90744021,14.06516722,14.21029446,14.33152815,14.46213637
130,165.6150052,168.5509383,171.3731566,174.0538751,176.5570213,178.864925,180.960014,182.8730171,184.6938193,186.5441437,188.511594,190.6323474,192.8840251,195.2236484,197.5810324,199.9043042,202.1818696,204.4297035
,501.85,502.6,504,505.3,506.3,505.7,503.55,500.1,497.35,497.25,501.25,502.85,513.95,541.05,592.65,623.75,652.45,682.45
4,14.65079184,14.73738179,14.99563252,15.29451977,15.5235274,15.69974555,15.89229425,16.0411682,16.17788918,16.34043523,16.52310964,16.64957654,16.74110364,16.87022901,17.12696062,17.45357184,17.82385781,18.20629676
,33.60243334,33.84139449,34.0808875,34.32110938,34.56415468,34.80775562,35.06277766,35.32596216,35.61871272,35.87290367,36.10900738,36.29447113,36.52637625,36.76298714,37.00884088,37.25183734,37.49555092,37.72954067
137,7.327919225,7.414497577,7.542116317,7.706801292,7.899033926,8.113954766,8.345689822,8.603431341,8.914423263,9.314836834,9.827011309,10.45967044,11.19432633,11.99186107,12.79781906,13.56966074,14.29648465,14.97984491
,10.30313074,10.49244488,10.68825157,10.89450048,11.12959873,11.38180893,11.66190061,11.96677727,12.28923996,12.61409574,12.93497464,13.24670447,13.55664872,13.86367661,14.16944476,14.47598006,14.77932092,15.07897685
139,179.6950044,183.6880409,187.6480684,191.6036231,195.5950342,199.6545078,203.7852753,207.9869422,212.2828495,216.6998495,221.2538683,225.9550968,230.7901788,235.7209877,240.694086,245.6679548,250.6271741,255.5727934
140,40.76334409,41.56152811,42.36299435,43.16887275,43.98091203,44.80044391,45.62691687,46.45960452,47.29981168,48.14884315,49.00755986,49.87600215,50.75246166,51.6338714,52.51528114,53.39317998,54.26579231,55.13299704
143,20.24599922,20.51668984,20.78239609,21.04510781,21.30718281,21.57063281,21.83589375,22.10369063,22.37654688,22.65742734,22.94816094,23.24999141,23.56169219,23.87946563,24.19793281,24.51302422,24.82331172,25.12928516
144,261.5674582,267.1808532,272.8378442,278.4718583,283.9940068,289.3457994,294.4944797,299.4717443,304.3628266,309.2895965,314.3395513,319.5423416,324.8705168,330.2848442,335.7220679,341.1354563,346.5144783,351.8733944
,41.68478261,42.1826087,42.55217391,42.82608696,43.05217391,43.27391304,43.50434783,43.73043478,43.97391304,44.22173913,44.5,44.78043478,45.12608696,45.47826087,45.85652174,46.27826087,46.74565217,47.23695652
141,12.30451354,12.62233803,12.94509561,13.27280837,13.60578766,13.94406439,14.28757673,14.63569757,14.98738462,15.34126882,15.69632778,16.05208674,16.4086826,16.76647308,17.12623106,17.48846222,17.85317979,18.22011659
145,124.9098208,124.8753665,124.8175389,124.7536899,124.6440832,124.5893154,124.5144522,124.446853,124.4719523,124.5644606,124.2092007,124.2962969,124.3000588,124.2291107,124.1442732,124.0615696,124.008253,124.0270453
,27.47462141,28.26114109,29.08392025,29.93958337,30.82226566,31.72794591,32.65565371,33.60778855,34.58759384,35.60502264,36.65124362,37.73480126,38.85372665,40.00417222,41.18129773,42.38152752,43.60373416,44.84879872
147,429.6059752,430.5269448,431.0824126,431.3523112,431.4405862,430.8187148,428.9981962,426.4932356,423.9984216,421.692221,419.5631342,414.7386697,409.7506201,405.0819617,398.5201804,391.564487,384.0496054,376.2319053
,190.4250062,192.1087119,193.810157,195.4865875,197.0724857,198.5231044,199.8264015,201.0073001,202.1023669,203.1643634,204.2321983,205.317648,206.41171,207.5074828,208.5903413,209.649672,210.6853251,211.7013952
146,112.4579016,113.2537923,113.8757486,114.3040546,114.5777158,114.8281404,115.0353996,115.2614409,115.4277577,115.3864723,115.4394585,115.2697893,114.8034065,114.1626092,113.5425141,113.0720258,112.7171224,112.3707003
142,13.34684118,13.60841681,13.86511704,14.11515228,14.35625472,14.58719859,14.80693682,15.01676063,15.22053108,15.42370249,15.63019633,15.84138686,16.05642839,16.27420086,16.49278631,16.71059401,16.92753083,17.14396426
,485.4074751,497.9707641,510.8593023,524.0812292,537.645515,551.5607973,565.8362126,580.4810631,597.4564784,614.9863787,633.0734219,652.3340532,672.242691,692.6089701,713.4023256,734.5752492,756.0740864,778.2021595
,30.5952648,30.93009346,31.25308411,31.5765109,31.91627726,32.28450156,32.68679128,33.11892523,33.57225857,34.03172897,34.48747664,34.93400312,35.37847352,35.82624611,36.28439252,36.74384735,37.20989097,37.68205607
,32.41490331,32.57639374,32.73996379,32.90392037,33.07528274,33.24403298,33.42334103,33.61188811,33.83214773,34.00621498,34.16416864,34.25707589,34.40901143,34.56617893,34.72757036,34.88828454,35.04825615,35.19433611
,64.82459016,65.9215847,66.94153005,67.89590164,68.79098361,69.64098361,70.44590164,71.20054645,71.9068306,72.56311475,73.17486339,73.72759563,74.23579235,74.73442623,75.26885246,75.8715847,76.55956284,77.32431694
148,51.01352283,53.13402239,55.61231697,59.30973299,65.36218777,74.49293712,87.02687339,102.466236,119.6677003,137.0180879,153.2881998,168.1355728,181.7026701,193.8391904,204.5149871,213.7415159,221.3440138,227.3222222
150,97.70132341,96.34743807,94.53384957,93.82181344,93.26846957,92.70234368,92.15479607,90.83901866,89.33394954,88.53119621,88.01074114,87.53324934,87.20126511,86.87429031,86.53068063,86.12430894,85.63252782,85.12925504
151,8.948996663,8.911609395,8.870433931,8.830256615,8.794642038,8.76107113,8.734387528,8.719462392,8.716094712,8.718719877,8.722634362,8.729437799,8.744141951,8.762780128,8.781877489,8.798804045,8.813796287,8.823117238
152,325.3223754,337.6329955,346.015606,351.8583705,357.4559384,364.4805432,373.1892987,382.9510336,393.5212404,404.4364005,415.3563843,426.2695987,437.3268342,448.526591,459.8847588,471.4046615,483.0769355,494.8685448
,290.4987042,295.8364667,301.1711549,306.4795704,311.8413969,317.0169024,322.1038944,327.1075496,332.0409686,336.9250667,341.7752211,346.5937182,351.3755496,356.1318302,360.8550771,365.5395153,370.1907596,374.8003756
158,9.659212259,9.910076337,10.19044979,10.49287339,10.80569291,11.12051226,11.43341645,11.74707469,12.06721434,12.40248222,12.75796789,13.1358568,13.53048905,13.92967172,14.3168187,14.67985803,15.01411227,15.32230833
172,14.63495918,15.05595918,15.4895686,15.93656608,16.39759975,16.87285816,17.36309554,17.86761574,18.3833064,18.9059234,19.43239057,19.96141204,20.49370497,21.03068392,21.57468771,22.12739646,22.68897306,23.25841751
159,51.33772399,52.63853425,54.00125175,55.42507661,56.90512647,58.43902768,60.0257778,61.67120449,63.38730068,65.18940944,67.08683841,69.08486989,71.17598816,73.34088194,75.55243858,77.79044305,80.04785748,82.32777749
1,6011.771642,6176.137313,6186.592593,5989.557496,6047.407837,6191.236575,6342.024496,6602.300719,6913.422857,7125.104286,7231.811966,7363.193182,7524.6983,7636.721358,7714.702398,7806.77292,7908.720733,7915.730606
165,14.74130046,15.14301536,15.55062522,15.96173633,16.37456234,16.78760272,17.19978564,17.61128975,18.02347267,18.43797785,18.85637728,19.27881386,19.70457306,20.13265452,20.56105752,20.98899607,21.41546981,21.8414791
162,63.23492657,65.65734275,68.67852591,72.03586866,75.36291216,78.39261568,81.02926018,83.33911056,85.4166251,87.42394015,89.48074259,91.60005542,93.73930452,95.90023552,98.07650319,100.2635772,102.4686894,104.699529
63,283.186583,285.0367761,286.6941602,288.2014961,289.6126931,290.9730212,292.3010618,293.6040058,294.8986969,296.2005792,297.5205598,298.8687259,300.2531853,301.6784266,303.1461873,304.6562741,306.2124517,307.8114382
,456.9666667,462.7,468.6833333,474.9,481.1,487.3333333,493.5666667,499.6166667,505.85,512.05,518.5,525.0666667,531.9,538.3833333,544.2833333,549.3333333,553.3833333,556.6666667
166,14.36458539,14.80986865,15.24558772,15.67953104,16.12559059,16.59375299,17.08533969,17.59587465,18.12298913,18.66291006,19.21322249,19.77352791,20.34586668,20.93338381,21.54035292,22.17000191,22.823343,23.5000526
160,85.94038418,85.79273954,85.71372056,85.53156872,85.33223188,85.076252,84.74238509,84.39948548,84.04095587,83.70463069,83.3688086,82.7132289,82.31279442,81.91324034,81.5295678,81.12717814,80.70343014,80.29119598
,28.39354982,29.15428736,29.93683333,30.74310697,31.57504432,32.43425867,33.32148415,34.23709596,35.18148061,36.15483989,37.1560647,38.18724941,39.24784714,40.3356811,41.44849955,42.58450529,43.74300942,44.92405477
169,,,,,,,,,,,,,,,,,,
,28.39643202,29.15715775,29.93979521,30.74601327,31.57792146,32.43713529,33.32441725,34.24002956,35.18447724,36.15783204,37.15914192,38.1902079,39.25082148,40.33870394,41.45156042,42.58763125,43.74616609,44.9272378
,11.76721139,11.9482194,12.13421906,12.32867153,12.54778259,12.7803449,13.03617634,13.31269397,13.60392688,13.89731685,14.18751675,14.47019168,14.75143674,15.03025973,15.30793809,15.58566486,15.86026773,16.13135346
157,144.38125,147.5229167,150.9260417,154.5541667,158.3010417,162.1145833,165.9666667,169.896875,173.8677083,177.9302083,182.0583333,186.25,190.509375,194.8385417,199.2354167,203.7010417,208.2395833,212.840625
173,3.028141026,3.062435897,3.096435897,3.130333333,3.164294872,3.198371795,3.232737179,3.267339744,3.302230769,3.337301282,3.372455128,3.407621795,3.442801282,3.477820513,3.512358974,3.546205128,3.579282051,3.611551282
,112.0316008,111.8267568,111.7861123,111.6893369,111.6898129,111.7007692,111.7059044,111.7385031,111.8343659,112.006779,112.1088769,112.2605224,112.4517343,112.5726377,112.686624,112.8031488,112.9392755,113.128395
164,98.75496524,98.91062562,99.03326713,99.09299901,99.15650447,99.32840119,99.64587885,100.2046673,100.3632572,101.2745283,101.7171301,101.9286495,102.1429494,102.2816783,102.3823237,102.4593347,102.5343595,102.6190665
175,21.62136034,21.6794853,21.75015353,21.83123507,21.91726617,22.00509821,22.12922211,22.29393186,22.46828727,22.66051323,22.85452552,23.02776478,23.36960279,23.56846615,23.80523434,24.05829958,24.36248803,24.71764504
174,61.71325581,62.37947674,62.84476744,63.22046512,63.66587209,64.29494186,65.14616279,66.18802326,67.37773256,68.64389535,69.93273256,71.23593023,72.56732558,73.92186047,75.29633721,76.68668605,78.08709302,79.49151163
,897.6176471,900,905.2058824,925.6470588,955.5294118,970.9117647,983.5588235,994.4411765,998.9411765,1007,1001.647059,983.3823529,1018.823529,1076.676471,1108.382353,1141.882353,1175.558824,1209.088235
161,176.3717391,176.526087,182.0065217,179.9586957,179.2934783,180.126087,183.9130435,184.8543478,189.0347826,189.7782609,195.1521739,190.0891304,191.9630435,195.5413043,198.6065217,203.0847826,205.8195652,208.3543478
,89.29615845,91.23353466,92.98019915,94.85955662,97.00189573,99.6601351,103.0059195,106.9092028,110.6809137,113.4006371,114.4629636,113.6197408,111.2056908,107.8752982,104.5749061,102.025742,100.367331,99.49282797
,19.86631579,21.24736842,22.88631579,24.64210526,26.34526316,27.84,29.09684211,30.14736842,31.03263158,31.83684211,32.62526316,33.40105263,34.13789474,34.85052632,35.51473684,36.14631579,36.73684211,37.31157895
45,6.625285102,6.87977446,7.148736499,7.427891518,7.711279384,7.994765724,8.276363564,8.557582592,8.842011595,9.134995235,9.440281131,9.759093869,10.08984673,10.43010562,10.77623729,11.12564565,11.47755956,11.83290502
,113.5175915,114.5857657,115.6111918,116.595927,117.5518595,118.5001551,119.4191823,120.3059842,121.1879695,122.0629294,122.9367164,123.8192518,124.720468,125.6321497,126.5523948,127.467103,128.4019085,129.3445258
,18.93472097,18.92640041,18.913033,18.91821268,18.93186789,18.94866802,18.97419129,19.00326373,19.04970798,19.12627471,19.20840851,19.29848498,19.39365414,19.49790706,19.60135369,19.70747698,19.81269977,19.91139202
181,91.38383894,93.9836367,96.55216032,99.12485751,101.7576393,104.4910461,107.3320831,110.2663173,113.289134,116.3903659,119.561537,122.8034933,126.1166023,129.4897591,132.9088987,136.3633388,139.848759,143.3663173
7,123.232048,124.3776977,125.4147938,126.3578305,127.2333203,128.061755,128.8421461,129.5692126,130.2545753,130.9124606,131.5524046,132.1813502,132.7956683,133.3810899,133.9168353,134.3882245,134.7912741,135.1318542
178,44.41415404,45.20666619,46.06807659,46.99111889,47.96256788,48.97239211,50.01826951,51.10306516,52.22726493,53.39253358,54.59867105,55.84416262,57.12390683,58.4296156,60.25640194,61.59591746,62.93827187,64.28128918
185,9.610220671,9.712255017,9.809975954,9.907307471,10.00872045,10.11776435,10.23579044,10.36353712,10.50318558,10.65679995,10.82546337,11.01028025,11.20983764,11.41931139,11.63203243,11.84279361,12.0497606,12.25304833
,25.55167787,25.91792954,26.277013,26.63160517,26.98540317,27.34105918,27.69939331,28.05957507,28.42054267,28.78054937,29.13817007,29.49311954,29.84542162,30.19425115,30.53868059,30.87794175,31.21152992,31.53918843
,58.61513114,60.02225958,62.1267653,64.61681237,67.02743779,69.03053127,70.51923336,71.61889711,72.50235373,73.43786147,74.6194351,76.09435104,77.79152656,79.64801614,81.56112979,83.45507734,85.31748487,87.17626093
,32.18751007,32.76464021,33.33853844,33.91626816,34.50470889,35.11055801,35.73526188,36.37817414,37.03896846,37.72744998,38.4204361,39.12968365,39.85390087,40.5861014,41.31703214,42.04009642,42.75116745,43.45172717
,136.225,136.9597222,137.7555556,138.5958333,139.4527778,140.3347222,141.2347222,142.1625,143.0625,143.8944444,144.6347222,145.2458333,145.7652778,146.2888889,146.9194444,147.7277778,148.7805556,150.0277778
,290.4987042,295.8364667,301.1711549,306.4795704,311.8413969,317.0169024,322.1038944,327.1075496,332.0409686,336.9250667,341.7752211,346.5937182,351.3755496,356.1318302,360.8550771,365.5395153,370.1907596,374.8003756
,28.39643202,29.15715775,29.93979521,30.74601327,31.57792146,32.43713529,33.32441725,34.24002956,35.18447724,36.15783204,37.15914192,38.1902079,39.25082148,40.33870394,41.45156042,42.58763125,43.74616609,44.9272378
,247.1703704,248.0272904,249.0910331,250.3025341,251.5662768,252.8136452,254.0241715,255.2163743,256.4077973,257.6253411,258.8888889,260.1925926,261.5181287,262.8163743,264.0337232,265.1251462,266.0744639,266.8859649
183,62.43046473,62.98726184,63.49334449,63.97835994,64.47992405,65.02627446,65.62909372,66.28531797,66.98851699,67.72550206,68.48565268,69.26793898,70.07381565,70.89700051,71.7295829,72.56475927,73.39886715,74.22841787
184,82.16951132,83.40562868,84.64204098,85.86697894,87.06502475,88.22863714,89.3460559,90.42953237,91.52454036,92.69283292,93.97621454,95.38278783,96.89054091,98.47242571,100.0878708,101.7001312,103.3125346,104.9140756
,314,317.0666667,321.1666667,325.5666667,329.8,334.2333333,337.9,341.4333333,344.6666667,348.0333333,351.0333333,354.2666667,357.5,360.6333333,363.6,366.7,369.9,373.0666667
179,38.58437796,39.6444107,40.76067735,41.93844209,43.18128697,44.49147099,45.8737277,47.32864642,48.8486611,50.42247799,52.04175999,53.70388575,55.41092459,57.16481711,58.96914541,60.8263231,62.73673628,64.69859901
187,120.3106651,124.392633,128.7125169,133.2506882,137.9732546,142.8554126,147.8938091,153.097878,158.4700265,164.0152895,169.1359116,175.0132057,181.0632156,187.2816976,193.6631658,200.2038201,206.9018801,213.7590166
188,84.88107016,84.03187193,83.20243726,82.53003418,81.90630718,81.30268563,80.75764637,80.28127319,79.84913347,79.49544293,79.18024581,78.89611959,78.70140855,78.52240558,78.15074833,77.94773048,77.68931796,77.38983756
,40.69963624,41.04928777,41.38125855,41.7053408,42.02495095,42.34520501,42.66386424,42.9733086,43.28831217,43.61634303,43.94304677,44.2780926,44.62633536,44.98270436,45.33926547,45.68961752,46.04046522,46.38763629
190,18.97637413,19.00984459,19.01367272,19.0014684,18.9926637,19.00132556,19.0323563,19.08205348,19.14537767,19.21354702,19.28016798,19.34421209,19.40793624,19.4720889,19.53802994,19.60662781,19.6777854,19.75059993
,30.79730133,31.10362839,31.39354993,31.66453462,31.95894507,32.2548766,32.56739985,32.87861136,33.24368685,33.53639923,33.81701299,34.06909052,34.32588336,34.57089595,34.83195535,35.09621718,35.35487985,35.60776459
191,57.94640339,58.68464974,59.40726375,60.10260931,60.80007052,61.51151857,62.26669017,63.15937941,64.18147626,65.27362482,67.14245416,68.96897038,69.99177245,71.093559,72.30300893,73.57522332,74.86577339,76.13352139
,276.6615385,276.8923077,277.2974359,277.8205128,278.3564103,278.8307692,279.2487179,279.6076923,279.9102564,280.1358974,280.2948718,280.3615385,280.3282051,280.3076923,280.4025641,280.6538462,281.1358974,281.7871795
,27.76298396,28.28465053,28.80641687,29.32772859,29.8477694,30.36580806,30.88165977,31.39500595,31.90488181,32.41009353,32.90973641,33.40319823,33.89045972,34.3720288,34.84879315,35.32127884,35.78955728,36.25312057
,137.6333333,140.5666667,143.5266667,146.6666667,150.2733333,154.4533333,159.3666667,164.8733333,170.6933333,176.3133333,181.4933333,186.0066667,190.06,193.7066667,197.2533333,200.7533333,204.4066667,207.9733333
,310.4057143,310.14,310.0285714,310.0171429,309.9057143,309.8685714,309.6314286,309.54,309.7114286,309.7285714,309.5942857,309.4057143,309.1171429,308.6971429,308.24,307.7428571,307.1714286,306.48
193,258.1031377,260.8245813,263.9075704,266.8676815,269.3832941,271.9026123,274.4367949,277.000645,279.6394395,282.4052859,285.3307705,288.4401716,291.7143903,295.087319,298.4645886,301.7756216,304.9926533,308.1265521
,15.18154225,15.52830189,15.91107465,16.3219032,16.74675964,17.17555373,17.6073831,18.04372436,18.48564397,18.93232158,19.38433142,19.84175554,20.30229696,20.76636587,21.23461854,21.70656276,22.18228056,22.66152584
,47.17543713,47.7897139,48.40079607,49.01249352,49.62910514,50.24930569,50.87651316,51.50659334,52.15326349,52.79577604,53.43691522,54.06958705,54.72303588,55.38347002,56.04841053,56.71313405,57.38052343,58.04498566
156,61.69964664,62.03745583,62.39646643,62.77809187,63.17349823,63.57915194,63.99081272,64.41201413,64.85017668,65.30954064,65.79681979,66.31272085,66.85300353,67.40530035,67.94699647,68.46607774,68.94876325,69.41342756
99,156.1495361,156.2555341,156.3617158,156.4678975,156.5740792,156.6804446,157.9439699,159.2177827,160.5017911,161.7960871,163.1009461,164.508129,165.8124369,167.5484523,167.3371911,165.5001378,166.8228162,168.1546799
,33.85556945,34.83178021,35.83381442,36.8621058,37.9132678,38.98503135,40.07904616,41.19856242,42.34405553,43.51559558,44.71234919,45.93481827,47.18065231,48.44275622,49.71177718,50.9805614,52.24579616,53.50762354
167,37.69573156,38.23706897,38.76560931,39.27880619,39.77231285,40.24481778,40.69325607,41.12405592,41.55679216,42.01734249,42.52336018,43.08296664,43.68860761,44.3226768,44.95921242,45.57883174,46.17585917,46.75428534
197,14.16648193,14.56049315,14.9590511,15.36472646,15.78141487,16.21242686,16.6580745,17.11883937,17.59845707,18.10142321,18.6309111,19.18879189,19.77419255,20.38393037,21.01316133,21.65833143,22.31855419,22.99483447
198,31.59428978,31.96630477,32.31362285,32.65838697,33.02962647,33.44974021,33.92598423,34.45756495,35.04838826,35.70013959,36.41286545,37.18921804,38.02720951,38.91561587,39.83889104,40.78441515,41.74838309,42.72949205
